,Unnamed: 0,Hotel Name,Cost Per Night,Rating,Features,Location,City,Locality,Cost_Price,Discount,Selling_Price,Rate,Customer_Rating,Remarks,Category,Hotel_Name,Parking Facility,wifi_availabilty,AC,Reception,CCTV Cameras,Doctor on Call,Power backup,Elevator
0,0,SPOT ON 37214 Classic Lodge,₹406₹119065% offper room per nightView DetailsBook Now,4.5 (870 Ratings)·Excellent, AC  Parking Facility  Elevator  + 8 more,"Near Board Of Intermediate Office, Hyderabad·       1.9 km",Hyderabad,Near Board Of Intermediate Office,1190,65,406,4.5,870 Ratings,Excellent,SPOT ON,ON 37214 Classic Lodge,no,no,no,no,no,no,no,no
1,1,OYO 24204 Nav Bharath Residency,₹978₹301767% offper room per nightView DetailsBook Now,4.4 (988 Ratings)·Very Good, Reception  Free Wifi  Power backup  + 17 more,"Near Central Gurudwara Saheb, Gowliguda, Hyderabad·       1.0 km",Hyderabad,Near Central Gurudwara Saheb,3017,67,978,4.4,988 Ratings,Very,OYO,24204 Nav Bharath Residency,yes,yes,yes,yes,yes,yes,yes,yes
2,2,OYO 35467 Shiridi Residency,₹1014₹222654% offper room per nightView DetailsBook Now,4.7 (937 Ratings)·Excellent, Reception  Free Wifi  Security  + 10 more,"Near Chermas, Abids, Hyderabad·       1.3 km",Hyderabad,Near Chermas,2226,54,1014,4.7,937 Ratings,Excellent,OYO,35467 Shiridi Residency,yes,yes,yes,yes,yes,yes,yes,yes
3,3,SPOT ON 75815 Hotel Kanha Residency,₹338₹123372% offper room per nightView DetailsBook Now,3.8 (394 Ratings)·Good, TV ,"India, Hyderabad·       3.1 km",Hyderabad,India,1233,72,338,3.8,394 Ratings,Good,SPOT ON,ON 75815 Hotel Kanha Residency,no,no,no,no,no,no,no,no
4,4,OYO 74978 Hotel Aadaab,₹646₹231772% offper room per nightView DetailsBook Now,3.3 (240 Ratings)·Fair, Reception  Free Wifi  24/7 Checkin  + 12 more,"Near Nampally railway station, Mahesh Nagar, Hyderabad·       1.8 km",Hyderabad,Near Nampally railway station,2317,72,646,3.3,240 Ratings,Fair,OYO,74978 Hotel Aadaab,yes,yes,yes,yes,yes,yes,yes,yes
5,5,SPOT ON 80705 Balaji Residency,₹272₹107474% offper room per nightView DetailsBook Now,3.1 (799 Ratings)·Fair, AC  TV ,"Hyderabad, Hyderabad·       5.5 km",Hyderabad,Hyderabad,1074,74,272,3.1,799 Ratings,Fair,SPOT ON,ON 80705 Balaji Residency,no,no,no,no,no,no,no,no
6,6,SPOT ON 72246 Gayatri Lodge,₹266₹94071% offper room per nightView DetailsBook Now,3.8 (286 Ratings)·Good, Window  Reception  Free Wifi  + 7 more,"Ranigunj, Hyderabad·       5.4 km",Hyderabad,Ranigunj,,71,266,3.8,286 Ratings,Good,SPOT ON,ON 72246 Gayatri Lodge,yes,yes,yes,yes,yes,yes,yes,yes
7,7,OYO 16428 Hotel Vaishnavi Inn,₹891₹192053% offper room per nightView DetailsBook Now,4.4 (2453 Ratings)·Very Good, Free Wifi  Power backup  Card Payment  + 14 more,"Secunderabad, Hyderabad·       5.4 km",Hyderabad,Secunderabad,1920,53,891,4.4,2453 Ratings,Very,OYO,16428 Hotel Vaishnavi Inn,yes,yes,yes,yes,yes,yes,yes,yes
8,8,OYO 77239 Hotel Rajdhani,₹687₹229870% offper room per nightView DetailsBook Now,2.9 (165 Ratings)·Fair, AC  TV ,"Beside Bharat Petrol pump. opp Matro Station pillor Number- 1206. Lakdikapul Hyderabad, Hyderabad·       3.3 km",Hyderabad,Beside Bharat Petrol pump. opp Matro Station pillor Number- 1206. Lakdikapul Hyderabad,2298,70,687,2.9,165 Ratings,Fair,OYO,77239 Hotel Rajdhani,no,no,no,no,no,no,no,no
9,9,OYO 88350 Hanuma Residency ,₹751₹143147% offper room per nightView DetailsBook Now,4.9 (28 Ratings)·Fabulous, Hair Dryer  Parking Facility  Reception  + 19 more,Behind OZONE Hospital·       6.9 km,Hyderabad,Behind OZONE Hospital·       6.9 km,1431,47,751,4.9,28 Ratings,Fabulous,OYO,88350 Hanuma Residency,no,no,no,no,no,no,no,no
10,10,SPOT ON 81775 MOHIT GOKUL LODGE NEW ROOM'S,₹376₹124869% offper room per nightView DetailsBook Now,3.9 (326 Ratings)·Good, Parking Facility  Reception  Free Wifi  + 8 more,"NEAR TO SECUNDERBAD EAST METRO RAIL STATION, Hyderabad·       5.9 km",Hyderabad,NEAR TO SECUNDERBAD EAST METRO RAIL STATION,1248,69,376,3.9,326 Ratings,Good,SPOT ON,ON 81775 MOHIT GOKUL LODGE NEW ROOM'S,yes,yes,yes,yes,yes,yes,yes,yes
11,11,OYO 19365 Hotel Sabharwal,₹549₹172968% offper room per nightView DetailsBook Now,3.0 (434 Ratings)·Fair, Elevator  Free Wifi  Geyser  + 4 more,"Near Grand Hotel , Hanuman Tekdi, Hyderabad·       0.9 km",Hyderabad,Near Grand Hotel ,1729,68,549,3.0,434 Ratings,Fair,OYO,19365 Hotel Sabharwal,yes,yes,yes,yes,yes,yes,yes,yes
12,12,OYO 73783 Hotel Sai Pariwar,₹437₹143369% offper room per nightView DetailsBook Now,3.7 (336 Ratings)·Good, Private Entrance  Reception  Free Wifi  + 13 more,"500027, Hyderabad·       1.1 km",Hyderabad,500027,1433,69,437,3.7,336 Ratings,Good,OYO,73783 Hotel Sai Pariwar,yes,yes,yes,yes,yes,yes,yes,yes
13,13,OYO HYD1589 Hotel Dhana Residency,₹330₹124873% offper room per nightView DetailsBook Now,2.8 (265 Ratings)·Fair, TV  AC  Reception  + 13 more,"India, Hyderabad·       5.8 km",Hyderabad,India,1248,73,330,2.8,265 Ratings,Fair,OYO,HYD1589 Hotel Dhana Residency,no,no,no,no,no,no,no,no
14,14,OYO Home 79961 Comfortable Stays,₹1241₹236447% offper room per nightView DetailsBook Now,4.3 (836 Ratings)·Very Good, Free Wifi  AC  TV  + 1 more,"Hyderabad, Hyderabad·       4.0 km",Hyderabad,Hyderabad,2364,47,1241,4.3,836 Ratings,Very,OYO,Home 79961 Comfortable Stays,yes,yes,yes,yes,yes,yes,yes,yes
15,15,Collection O 36047 Hotel Srinivasa Residency,₹664₹173061% offper room per nightView DetailsBook Now,2.9 (241 Ratings)·Fair, Reception  Free Wifi  Power backup  + 16 more,"Near Global Hospital, Lakdikapul, Hyderabad·       3.3 km",Hyderabad,Near Global Hospital,1730,61,664,2.9,241 Ratings,Fair,Collection O,O 36047 Hotel Srinivasa Residency,yes,yes,yes,yes,yes,yes,yes,yes
16,16,SPOT ON 80478 Hotel Baba Classic ,₹317₹134476% offper room per nightView DetailsBook Now,2.7 (119 Ratings)·Fair, TV  Reception  Public Washroom  + 10 more,"#7-2-971 & 977 Opp Hanuman Kaman sajjanial street Monda Market Hyderabad., Hyderabad·       5.6 km",Hyderabad,#7-2-971 & 977 Opp Hanuman Kaman sajjanial street Monda Market Hyderabad.,1344,76,317,2.7,119 Ratings,Fair,SPOT ON,ON 80478 Hotel Baba Classic,no,no,no,no,no,no,no,no
17,17,Capital O 71317 White Ridge,₹1606₹305947% offper room per nightView DetailsBook Now,4.5 (2047 Ratings)·Excellent, Reception  Free Wifi  24/7 Checkin  + 10 more,"Near Khazana Jewellery, Dilsukhnagar, Hyderabad·       5.1 km",Hyderabad,Near Khazana Jewellery,3059,47,1606,4.5,2047 Ratings,Excellent,Capital O,O 71317 White Ridge,yes,yes,yes,yes,yes,yes,yes,yes
18,18,Collection O 68920 Hotel V Square,₹730₹215066% offper room per nightView DetailsBook Now,3.8 (47 Ratings)·Good, Mini Fridge  AC  TV  + 5 more,"Near Nampally Metro Station, Abids South, Hyderabad·       1.9 km",Hyderabad,Near Nampally Metro Station,2150,66,730,3.8,47 Ratings,Good,Collection O,O 68920 Hotel V Square,no,no,no,no,no,no,no,no
19,19,OYO 86305 Hotel Aroma Classic,₹586₹180167% offper room per nightView DetailsBook Now,4.2 (101 Ratings)·Very Good, Reception  Public Washroom  Free Wifi  + 14 more,"15-1-309 feelkhana near acharaya bhavan baba ramdav mandir bagum bazar Hyderabad 500012, Hyderabad·       1.6 km",Hyderabad,15-1-309 feelkhana near acharaya bhavan baba ramdav mandir bagum bazar Hyderabad 500012,1801,67,586,4.2,101 Ratings,Very,OYO,86305 Hotel Aroma Classic,yes,yes,yes,yes,yes,yes,yes,yes
20,20,SPOT ON 75390 Bhavani Rest Rooms ,₹388₹114366% offper room per nightView DetailsBook Now,3.3 (581 Ratings)·Fair, Reception  Ticket Tour Assistance  Queen Sized Bed  + 9 more,"India, Hyderabad·       5.6 km",Hyderabad,India,1143,66,388,3.3,581 Ratings,Fair,SPOT ON,ON 75390 Bhavani Rest Rooms,no,no,no,no,no,no,no,no
21,21,SPOT ON 80753 Sri Sai Amaravathi Lodge,₹523₹134461% offper room per nightView DetailsBook Now,3.0 (356 Ratings)·Fair, Reception  Ticket Tour Assistance  Daily Housekeeping  + 4 more,"Opposite to metro pillar number A1115, near NIMS, Punjagutta, Hyderabad·       5.5 km",Hyderabad,Opposite to metro pillar number A1115,1344,61,523,3.0,356 Ratings,Fair,SPOT ON,ON 80753 Sri Sai Amaravathi Lodge,no,no,no,no,no,no,no,no
22,22,OYO 49253 Raja Residency,₹898₹203555% offper room per nightView DetailsBook Now,4.3 (3390 Ratings)·Very Good, Private Entrance  Parking Facility  Reception  + 13 more,"Near Raja Deluxe Complex, Musheerabad, Hyderabad·       3.7 km",Hyderabad,Near Raja Deluxe Complex,2035,55,898,4.3,3390 Ratings,Very,OYO,49253 Raja Residency,no,no,no,no,no,no,no,no
23,23,SPOT ON 81308 Gokul Residency,₹414₹134469% offper room per nightView DetailsBook Now,3.1 (215 Ratings)·Fair, Elevator  Reception  Ticket Tour Assistance  + 5 more,"Near Ganesh temple, opp. Rathifile bus stand, Secunderabad - 500025·       5.9 km",Hyderabad,Near Ganesh temple,1344,69,414,3.1,215 Ratings,Fair,SPOT ON,ON 81308 Gokul Residency,no,no,no,no,no,no,no,no
24,24,OYO 40852 Hotel White Ridge,₹1014₹193147% offper room per nightView DetailsBook Now,4.0 (1225 Ratings)·Very Good, Parking Facility  Reception  Free Wifi  + 13 more,"Near Dilsukhnagar metro station, Krishna Nagar, Hyderabad.·       4.6 km",Hyderabad,Near Dilsukhnagar metro station,1931,47,1014,4.0,1225 Ratings,Very,OYO,40852 Hotel White Ridge,yes,yes,yes,yes,yes,yes,yes,yes
25,25,OYO 70927 Hotel Hyderabad Continental,₹412₹93455% offper room per nightView DetailsBook Now,3.6 (423 Ratings)·Good, TV  King Sized Bed  Dress Hanger  + 1 more,"Near Tarakarama Theatre, Sultan Bazar, Hyderabad·       0.7 km",Hyderabad,Near Tarakarama Theatre,,55,412,3.6,423 Ratings,Good,OYO,70927 Hotel Hyderabad Continental,no,no,no,no,no,no,no,no
26,26,Capital O 85402 Sri Sai Regency,₹747₹208064% offper room per nightView DetailsBook Now,3.7 (100 Ratings)·Good, Hair Dryer  Reception  Security  + 15 more,"Hyderabad, Hyderabad·       2.6 km",Hyderabad,Hyderabad,2080,64,747,3.7,100 Ratings,Good,Capital O,O 85402 Sri Sai Regency,no,no,no,no,no,no,no,no
27,27,SPOT ON 68046 Rainbow Hotel,₹447₹117261% offper room per nightView DetailsBook Now,3.9 (404 Ratings)·Good, AC  TV  AC  + 12 more,"Hyderabad, Hyderabad·       5.4 km",Hyderabad,Hyderabad,1172,61,447,3.9,404 Ratings,Good,SPOT ON,ON 68046 Rainbow Hotel,no,no,no,no,no,no,no,no
28,28,OYO 40272 Hotel Srinivasa Inn,₹695₹165457% offper room per nightView DetailsBook Now,2.8 (86 Ratings)·Fair, Reception  Free Wifi  Geyser  + 9 more,"India, Hyderabad·       3.2 km",Hyderabad,India,1654,57,695,2.8,86 Ratings,Fair,OYO,40272 Hotel Srinivasa Inn,yes,yes,yes,yes,yes,yes,yes,yes
29,29,SPOT ON 78138 New Hi-tech Lodge,₹389₹91557% offper room per nightView DetailsBook Now,2.9 (190 Ratings)·Fair, TV  Doctor on Call  Reception  + 10 more,"Telangana, Hyderabad·       5.5 km",Hyderabad,Telangana,,57,389,2.9,190 Ratings,Fair,SPOT ON,ON 78138 New Hi-tech Lodge,no,no,no,no,no,no,no,no
30,30,Oyo Flagship 77043 Malkajgiri,₹675₹223969% offper room per nightView DetailsBook Now,4.0 (1745 Ratings)·Very Good, Parking Facility  Reception  Free Wifi  + 12 more,"Malkajgiri, Hyderabad·       8.7 km",Hyderabad,Malkajgiri,2239,69,675,4.0,1745 Ratings,Very,,Flagship 77043 Malkajgiri,yes,yes,yes,yes,yes,yes,yes,yes
31,31,OYO 79037 Metro Lodge,₹775₹172655% offper room per nightView DetailsBook Now,3.8 (121 Ratings)·Good, Wakeup Service  Free Wifi  Caretaker  + 5 more,"Charminar, Hyderabad·       3.0 km",Hyderabad,Charminar,1726,55,775,3.8,121 Ratings,Good,OYO,79037 Metro Lodge,yes,yes,yes,yes,yes,yes,yes,yes
32,32,OYO 70743 Hotel White House Silverkey,₹541₹158065% offper room per nightView DetailsBook Now,2.8 (63 Ratings)·Fair, Living Room  Reception  Cot  + 21 more,"Near Apollo Hospital,Road No 9, Hyderabad·       8.9 km",Hyderabad,Near Apollo Hospital,1580,65,541,2.8,63 Ratings,Fair,OYO,70743 Hotel White House Silverkey,no,no,no,no,no,no,no,no
33,33,OYO Flagship 60541 White Ridge,₹904₹190452% offper room per nightView DetailsBook Now,4.0 (2299 Ratings)·Very Good, Private Entrance  Parking Facility  Reception  + 12 more,"Near Sai Sanjeevani Hospital, Huda Colony, Hyderabad·       6.6 km",Hyderabad,Near Sai Sanjeevani Hospital,1904,52,904,4.0,2299 Ratings,Very,OYO,Flagship 60541 White Ridge,no,no,no,no,no,no,no,no
34,34,Capital O 82995 Sai Leela Residency,₹549₹215774% offper room per nightView DetailsBook Now,3.2 (36 Ratings)·Fair, Reception  Caretaker  Geyser  + 8 more,"Telangana, Hyderabad·       6.7 km",Hyderabad,Telangana,2157,74,549,3.2,36 Ratings,Fair,Capital O,O 82995 Sai Leela Residency,no,no,no,no,no,no,no,no
35,35,OYO 9796 Hotel Alekhya Residency,₹1014₹206950% offper room per nightView DetailsBook Now,3.8 (765 Ratings)·Good, Free Wifi  CCTV Cameras  Power backup  + 5 more,"Near Global Hospital, Saifabad, Hyderabad·       3.3 km",Hyderabad,Near Global Hospital,2069,50,1014,3.8,765 Ratings,Good,OYO,9796 Hotel Alekhya Residency,yes,yes,yes,yes,yes,yes,yes,yes
36,36,SPOT ON 43890 Kaveri Lodge,₹422₹134468% offper room per nightView DetailsBook Now,3.7 (1076 Ratings)·Good, Parking Facility  Reception  Daily Housekeeping  + 6 more,"Near Kamineni Hospital, L.B.Nagar, Hyderabad·       8.1 km",Hyderabad,Near Kamineni Hospital,1344,68,422,3.7,1076 Ratings,Good,SPOT ON,ON 43890 Kaveri Lodge,no,no,no,no,no,no,no,no
37,37,Collection O 81767 Abhi's R Square,₹879₹193154% offper room per nightView DetailsBook Now,4.0 (480 Ratings)·Very Good, Reception  Security  AC  + 11 more,"Greater Hyderabad Municipal Corporation East Zone, Hyderabad·       4.8 km",Hyderabad,Greater Hyderabad Municipal Corporation East Zone,1931,54,879,4.0,480 Ratings,Very,Collection O,O 81767 Abhi's R Square,no,no,no,no,no,no,no,no
38,38,SPOT ON 45433 Sree Radha Lodge,₹272₹134479% offper room per nightView DetailsBook Now,3.8 (370 Ratings)·Good, AC  Reception  Power backup  + 6 more,"Near Guru dwara, Shivaji Nagar, Hyderabad·       6.0 km",Hyderabad,Near Guru dwara,1344,79,272,3.8,370 Ratings,Good,SPOT ON,ON 45433 Sree Radha Lodge,no,no,no,no,no,no,no,no
39,39,POP 89189 Pratap Luxery Properties,₹1216₹231547% offper room per nightView DetailsBook Now,NEW, Free Wifi  Geyser  CCTV Cameras  + 6 more,"Hyderabad, Hyderabad·       0.2 km",Hyderabad,Hyderabad,2315,47,1216,,,,,89189 Pratap Luxery Properties,yes,yes,yes,yes,yes,yes,yes,yes
40,40,SPOT ON 74055 Panchavati Residency Hotel,₹487₹133363% offper room per nightView DetailsBook Now,3.4 (433 Ratings)·Fair, AC  TV  Private Entrance  + 18 more,"Near Metro Pillar no.954, Mallanna Temple, Beside Chandana Scan Center, Rezimental Bazar, Sec'bad·       6.0 km",Hyderabad,Near Metro Pillar no.954,1333,63,487,3.4,433 Ratings,Fair,SPOT ON,ON 74055 Panchavati Residency Hotel,no,no,no,no,no,no,no,no
41,41,OYO 22907 Hotel Holiday,₹772₹181657% offper room per nightView DetailsBook Now,3.9 (1225 Ratings)·Good, Reception  Free Wifi  Power backup  + 13 more,"M.G Road, Near Rani Gunj X road, Opp. Punjab National Bank, Secunderabad, Hyderabad·       5.4 km",Hyderabad,M.G Road,1816,57,772,3.9,1225 Ratings,Good,OYO,22907 Hotel Holiday,yes,yes,yes,yes,yes,yes,yes,yes
42,42,OYO 13300 Hotel New Platinum,₹891₹199555% offper room per nightView DetailsBook Now,3.8 (492 Ratings)·Good, Elevator  Free Wifi  Geyser  + 8 more,"Saleemnagar Colony, Malakpet, Hyderabad·       3.1 km",Hyderabad,Saleemnagar Colony,1995,55,891,3.8,492 Ratings,Good,OYO,13300 Hotel New Platinum,yes,yes,yes,yes,yes,yes,yes,yes
43,43,SPOT ON 83852 Viand Grand ,₹479₹143966% offper room per nightView DetailsBook Now,3.2 (56 Ratings)·Fair, Parking Facility  Free Wifi  Power backup  + 11 more,"India, Hyderabad·       9.3 km",Hyderabad,India,1439,66,479,3.2,56 Ratings,Fair,SPOT ON,ON 83852 Viand Grand,yes,yes,yes,yes,yes,yes,yes,yes
44,44,Collection O 82763 Hotel Rahul International,₹664₹253473% offper room per nightView DetailsBook Now,2.8 (19 Ratings)·Fair, Reception  Free Wifi  Caretaker  + 19 more,"India, Hyderabad·       6.1 km",Hyderabad,India,2534,73,664,2.8,19 Ratings,Fair,Collection O,O 82763 Hotel Rahul International,yes,yes,yes,yes,yes,yes,yes,yes
45,45,OYO 89208 Devi Residency,₹1216₹231547% offper room per nightView DetailsBook Now,NEW, Elevator  Free Wifi  Geyser  + 6 more,"India, Hyderabad·       5.5 km",Hyderabad,India,2315,47,1216,,,,OYO,89208 Devi Residency,yes,yes,yes,yes,yes,yes,yes,yes
46,46,OYO 28637 Gokul Grand,₹1930₹367547% offper room per nightView DetailsBook Now,4.5 (2723 Ratings)·Excellent, Hair Dryer  Parking Facility  Free Wifi  + 17 more,"Near SR Nagar Police station, Ameerpet, Hyderabad·       7.4 km",Hyderabad,Near SR Nagar Police station,3675,47,1930,4.5,2723 Ratings,Excellent,OYO,28637 Gokul Grand,yes,yes,yes,yes,yes,yes,yes,yes
47,47,OYO 82310 Holiday Inn,₹933₹177747% offper room per nightView DetailsBook Now,4.2 (871 Ratings)·Very Good, Doctor on Call  Parking Facility  Reception  + 16 more,"Telangana, Hyderabad·       6.6 km",Hyderabad,Telangana,1777,47,933,4.2,871 Ratings,Very,OYO,82310 Holiday Inn,no,no,no,no,no,no,no,no
48,48,OYO FLAGSHIP 76687 Ramoji Kothapet,₹899₹231561% offper room per nightView DetailsBook Now,3.9 (3317 Ratings)·Good, Private Entrance  Reception  Free Wifi  + 13 more,"Kothapet, Hyderabad·       5.8 km",Hyderabad,Kothapet,2315,61,899,3.9,3317 Ratings,Good,OYO,FLAGSHIP 76687 Ramoji Kothapet,yes,yes,yes,yes,yes,yes,yes,yes
49,49,SPOT ON 82532 Hotel Vivin,₹371₹100062% offper room per nightView DetailsBook Now,3.3 (294 Ratings)·Fair, Window  Reception  Free Wifi  + 5 more,"India, Hyderabad·       9.3 km",Hyderabad,India,1000,62,371,3.3,294 Ratings,Fair,SPOT ON,ON 82532 Hotel Vivin,yes,yes,yes,yes,yes,yes,yes,yes
50,50,OYO 85469 Star Residential Hotel ,₹625₹163261% offper room per nightView DetailsBook Now,2.4 (10 Ratings)·Fair, Free Wifi  Geyser  Power backup  + 8 more,"Chandrayangutta, Hyderabad·       6.5 km",Hyderabad,Chandrayangutta,1632,61,625,2.4,10 Ratings,Fair,OYO,85469 Star Residential Hotel,yes,yes,yes,yes,yes,yes,yes,yes
51,51,OYO 69510 Hotel 3m,₹985₹187547% offper room per nightView DetailsBook Now,3.8 (260 Ratings)·Good, Private Entrance  Reception  Free Wifi  + 17 more,"Near Nampally Metro Station, Hyderabad·       2.0 km",Hyderabad,Near Nampally Metro Station,1875,47,985,3.8,260 Ratings,Good,OYO,69510 Hotel 3m,yes,yes,yes,yes,yes,yes,yes,yes
52,52,Capital O 65104 Che Sigma Hotel,₹747₹257671% offper room per nightView DetailsBook Now,3.4 (3194 Ratings)·Fair, Parking Facility  Reception  Free Wifi  + 18 more,"Near Narayana High School, Chinthalkunta, Hyderabad·       8.6 km",Hyderabad,Near Narayana High School,2576,71,747,3.4,3194 Ratings,Fair,Capital O,O 65104 Che Sigma Hotel,yes,yes,yes,yes,yes,yes,yes,yes
53,53, OYO 76332 Hotel Sai Manikanta Inn,₹968₹223456% offper room per nightView DetailsBook Now,3.0 (276 Ratings)·Fair, Doctor on Call  Reception  Free Wifi  + 12 more,"Indiaf, Hyderabad·       4.5 km",Hyderabad,Indiaf,2234,56,968,3.0,276 Ratings,Fair,OYO,76332 Hotel Sai Manikanta Inn,yes,yes,yes,yes,yes,yes,yes,yes
54,54,OYO Townhouse RCC Majestic 397 LB Nagar,₹1807₹344147% offper room per nightView DetailsBook Now,4.7 (2475 Ratings)·Excellent, Parking Facility  Free Wifi  AC  + 5 more,"Champapet, Hyderabad·       6.1 km",Hyderabad,Champapet,3441,47,1807,4.7,2475 Ratings,Excellent,OYO,Townhouse RCC Majestic 397 LB Nagar,yes,yes,yes,yes,yes,yes,yes,yes
55,55,SPOT ON 48349 Sri Sai Lohith Lodge,₹500₹119158% offper room per nightView DetailsBook Now,4.1 (1172 Ratings)·Very Good, Reception  Geyser  Daily Housekeeping  + 6 more,"Near Regional Passport Office, Shivaji Nagar, Hyderabad·       6.1 km",Hyderabad,Near Regional Passport Office,1191,58,500,4.1,1172 Ratings,Very,SPOT ON,ON 48349 Sri Sai Lohith Lodge,no,no,no,no,no,no,no,no
56,56,OYO Flagship 76333 Shannu Residency,₹794₹174554% offper room per nightView DetailsBook Now,3.7 (1017 Ratings)·Good, Reception  Free Wifi  Caretaker  + 14 more,"India, Hyderabad·       5.4 km",Hyderabad,India,1745,54,794,3.7,1017 Ratings,Good,OYO,Flagship 76333 Shannu Residency,yes,yes,yes,yes,yes,yes,yes,yes
57,57,OYO Flagship 67479 Alpine Glow Zenith,₹1012₹240957% offper room per nightView DetailsBook Now,4.0 (1530 Ratings)·Very Good, Reception  Free Wifi  Power backup  + 12 more,"Near Malani Colony, Bowenpally, Hyderabad·       8.0 km",Hyderabad,Near Malani Colony,2409,57,1012,4.0,1530 Ratings,Very,OYO,Flagship 67479 Alpine Glow Zenith,yes,yes,yes,yes,yes,yes,yes,yes
58,58,OYO 40869 White Ridge ,₹939₹211055% offper room per nightView DetailsBook Now,4.2 (1534 Ratings)·Very Good, Reception  Free Wifi  Power backup  + 11 more,"Near Sanjeevini Hospital, Kothapet road, Hyderabad·       7.1 km",Hyderabad,Near Sanjeevini Hospital,2110,55,939,4.2,1534 Ratings,Very,OYO,40869 White Ridge,yes,yes,yes,yes,yes,yes,yes,yes
59,59,OYO 84232 Hotel Lavish Stay,₹625₹208069% offper room per nightView DetailsBook Now,3.4 (171 Ratings)·Fair, Reception  Geyser  CCTV Cameras  + 9 more,"LB Nagar Siris Road, St.Alphonsa Grammar School Kaman,Above Bhuvesh Hospital,Hyderabad,500074·       7.8 km",Hyderabad,LB Nagar Siris Road,2080,69,625,3.4,171 Ratings,Fair,OYO,84232 Hotel Lavish Stay,no,no,no,no,no,no,no,no
60,60,SPOT ON 74966 Shree Amardeep Hotel,₹778₹148147% offper room per nightView DetailsBook Now,3.8 (529 Ratings)·Good, TV  Parking Facility  AC  + 12 more,"Near Kims hospital, Pan Bazar, Hyderabad·       5.5 km",Hyderabad,Near Kims hospital,1481,47,778,3.8,529 Ratings,Good,SPOT ON,ON 74966 Shree Amardeep Hotel,no,no,no,no,no,no,no,no
61,61,OYO HOME 79924 PRAMOD PRIME HOMES,₹949₹238160% offper room per nightView DetailsBook Now,4.2 (1212 Ratings)·Very Good, Free Wifi  TV  AC ,"nagole, Hyderabad·       8.0 km",Hyderabad,nagole,2381,60,949,4.2,1212 Ratings,Very,OYO,HOME 79924 PRAMOD PRIME HOMES,yes,yes,yes,yes,yes,yes,yes,yes
62,62,Capital O 15959 The City Park,₹1014₹225354% offper room per nightView DetailsBook Now,3.5 (1572 Ratings)·Good, Reception  Free Wifi  Power backup  + 13 more,"Near The City Park, Chirag AlicLane, Hyderabad·       1.5 km",Hyderabad,Near The City Park,2253,54,1014,3.5,1572 Ratings,Good,Capital O,O 15959 The City Park,yes,yes,yes,yes,yes,yes,yes,yes
63,63,OYO 81907 Hotel Fortune Residency,₹799₹192058% offper room per nightView DetailsBook Now,3.6 (441 Ratings)·Good, Reception  Free Wifi  TV  + 12 more,"India, Hyderabad·       1.1 km",Hyderabad,India,1920,58,799,3.6,441 Ratings,Good,OYO,81907 Hotel Fortune Residency,yes,yes,yes,yes,yes,yes,yes,yes
64,64,OYO 15140 Hotel Priya Residency,₹891₹169747% offper room per nightView DetailsBook Now,3.9 (795 Ratings)·Good, AC  AC  TV  + 1 more,"Near Raniganj, MG Road, Hyderabad·       5.4 km",Hyderabad,Near Raniganj,1697,47,891,3.9,795 Ratings,Good,OYO,15140 Hotel Priya Residency,no,no,no,no,no,no,no,no
65,65,OYO HOME 88937 Kanaka Durga Home Stay ,₹1014₹193147% offper room per nightView DetailsBook Now,NEW, Free Wifi  Geyser  CCTV Cameras  + 4 more,"500001 , Hyderabad·       0.4 km",Hyderabad,500001 ,1931,47,1014,,,,OYO,HOME 88937 Kanaka Durga Home Stay,yes,yes,yes,yes,yes,yes,yes,yes
66,66,OYO 795 Saranggi Boutique Hotel,₹829₹239265% offper room per nightView DetailsBook Now,3.9 (375 Ratings)·Good, Hair Dryer  Free Wifi  AC  + 8 more,"Centrally Located, Near ICICI Bank, Sindhi Colony, Hyderabad·       6.2 km",Hyderabad,Centrally Located,2392,65,829,3.9,375 Ratings,Good,OYO,795 Saranggi Boutique Hotel,yes,yes,yes,yes,yes,yes,yes,yes
67,67,OYO 40166 Hotel My Choice,₹943₹179747% offper room per nightView DetailsBook Now,3.8 (285 Ratings)·Good, Reception  Free Wifi  24/7 Checkin  + 13 more,"Near Karachi Bakery, Malakunta, Hyderabad·       1.3 km",Hyderabad,Near Karachi Bakery,1797,47,943,3.8,285 Ratings,Good,OYO,40166 Hotel My Choice,yes,yes,yes,yes,yes,yes,yes,yes
68,68,Capital O 72734 Hotel Sri Sai Inn,₹1014₹242658% offper room per nightView DetailsBook Now,3.2 (422 Ratings)·Fair, AC  TV  Mini Fridge  + 2 more,"Near Narayanaguda , Kachiguda Station Road, Hyderabad·       0.8 km",Hyderabad,Near Narayanaguda ,2426,58,1014,3.2,422 Ratings,Fair,Capital O,O 72734 Hotel Sri Sai Inn,no,no,no,no,no,no,no,no
69,69,OYO Flagship 75583 Thatipally Mansion,₹869₹193955% offper room per nightView DetailsBook Now,3.9 (1279 Ratings)·Good, Reception  Free Wifi  Power backup  + 10 more,"Kothapet., Hyderabad·       6.8 km",Hyderabad,Kothapet.,1939,55,869,3.9,1279 Ratings,Good,OYO,Flagship 75583 Thatipally Mansion,yes,yes,yes,yes,yes,yes,yes,yes
70,70,OYO 89107 Royal Stay ,₹1528₹291147% offper room per nightView DetailsBook Now,NEW, Reception  Free Wifi  AC  + 12 more,"3-4-400/36/1 Upperpally Rajendranagar Ranga Reddy. Hyderabad. Telangana, Hyderabad·       8.3 km",Hyderabad,3-4-400/36/1 Upperpally Rajendranagar Ranga Reddy. Hyderabad. Telangana,2911,47,1528,,,,OYO,89107 Royal Stay,yes,yes,yes,yes,yes,yes,yes,yes
71,71,Townhouse OAK THE MARGI HOTEL,₹1917₹365147% offper room per nightView DetailsBook Now,4.3 (308 Ratings)·Very Good, Free Wifi  Attached Washroom  Power backup  + 15 more,"Hyderabad Hyderabad TelanganaIndia500045, Hyderabad·       8.0 km",Hyderabad,Hyderabad Hyderabad TelanganaIndia500045,3651,47,1917,4.3,308 Ratings,Very,Townhouse,OAK THE MARGI HOTEL,yes,yes,yes,yes,yes,yes,yes,yes
72,72,OYO 75379 Raja Ram Hotel,₹725₹159454% offper room per nightView DetailsBook Now,3.7 (1041 Ratings)·Good, Reception  Free Wifi  Power backup  + 14 more,"Near Bozai functional hall, Balanagar, Hyderabad·       9.3 km",Hyderabad,Near Bozai functional hall,1594,54,725,3.7,1041 Ratings,Good,OYO,75379 Raja Ram Hotel,yes,yes,yes,yes,yes,yes,yes,yes
73,73,OYO 14726 Hotel Vaishnavi park,₹891₹180850% offper room per nightView DetailsBook Now,3.5 (1599 Ratings)·Good, Elevator  Free Wifi  Geyser  + 7 more,"Near Monda Market, Shivaji Nagar, Hyderabad·       5.8 km",Hyderabad,Near Monda Market,1808,50,891,3.5,1599 Ratings,Good,OYO,14726 Hotel Vaishnavi park,yes,yes,yes,yes,yes,yes,yes,yes
74,74,OYO 70733 Hotel Regal,₹1216₹231547% offper room per nightView DetailsBook Now,4.0 (1548 Ratings)·Very Good, Private Entrance  Reception  Free Wifi  + 16 more,"M.G Road, Hyderabad·       6.4 km",Hyderabad,M.G Road,2315,47,1216,4.0,1548 Ratings,Very,OYO,70733 Hotel Regal,yes,yes,yes,yes,yes,yes,yes,yes
75,75,Collection O 81203 Shining Suites,₹740₹188560% offper room per nightView DetailsBook Now,3.8 (399 Ratings)·Good, Free Wifi  Geyser  Daily Housekeeping  + 7 more,"near erragadda metro, Hyderabad·       10.0 km",Hyderabad,near erragadda metro,1885,60,740,3.8,399 Ratings,Good,Collection O,O 81203 Shining Suites,yes,yes,yes,yes,yes,yes,yes,yes
76,76,OYO 13550 Hotel Pushpa Grand,₹818₹179754% offper room per nightView DetailsBook Now,2.9 (130 Ratings)·Fair, Parking Facility  Elevator  Free Wifi  + 7 more,"Near Star Super Market, Chintalkunta, Hyderabad·       9.8 km",Hyderabad,Near Star Super Market,1797,54,818,2.9,130 Ratings,Fair,OYO,13550 Hotel Pushpa Grand,yes,yes,yes,yes,yes,yes,yes,yes
77,77,Capital O 49135 Sri Simran Park Hotel,₹821₹228864% offper room per nightView DetailsBook Now,3.4 (505 Ratings)·Fair, Parking Facility  Free Wifi  Power backup  + 17 more,"Near Railway station, Secunderabad, Hyderabad·       6.0 km",Hyderabad,Near Railway station,2288,64,821,3.4,505 Ratings,Fair,Capital O,O 49135 Sri Simran Park Hotel,yes,yes,yes,yes,yes,yes,yes,yes
78,78,OYO 9936 Elite Inn,₹899₹231761% offper room per nightView DetailsBook Now,4.0 (429 Ratings)·Very Good, Elevator  Free Wifi  Geyser  + 7 more,"Near Chitta Reddy colony, Tadbund, Hyderabad·       7.8 km",Hyderabad,Near Chitta Reddy colony,2317,61,899,4.0,429 Ratings,Very,OYO,9936 Elite Inn,yes,yes,yes,yes,yes,yes,yes,yes
79,79,OYO Flagship 83824 Hotel R Square,₹1014₹193147% offper room per nightView DetailsBook Now,3.3 (265 Ratings)·Fair, Parking Facility  Reception  Free Wifi  + 13 more,"India, Hyderabad·       4.6 km",Hyderabad,India,1931,47,1014,3.3,265 Ratings,Fair,OYO,Flagship 83824 Hotel R Square,yes,yes,yes,yes,yes,yes,yes,yes
80,80,OYO Flagship 83824 Hotel R Square,₹1014₹193147% offper room per nightView DetailsBook Now,3.3 (265 Ratings)·Fair, Parking Facility  Reception  Free Wifi  + 13 more,"India, Hyderabad·       4.6 km",Hyderabad,India,1931,47,1014,3.3,265 Ratings,Fair,OYO,Flagship 83824 Hotel R Square,yes,yes,yes,yes,yes,yes,yes,yes
81,81,Silverkey Executive Stays 22453 Himayat Nagar Circle,₹1468₹279747% offper room per nightView DetailsBook Now,3.7 (2196 Ratings)·Good, Private Entrance  Hair Dryer  Reception  + 17 more,"Hyderabad., Hyderabad·       1.3 km",Hyderabad,Hyderabad.,2797,47,1468,3.7,2196 Ratings,Good,,Executive Stays 22453 Himayat Nagar Circle,no,no,no,no,no,no,no,no
82,82,OYO 37427 Hotel Shannu Grand,₹922₹178848% offper room per nightView DetailsBook Now,3.9 (602 Ratings)·Good, Parking Facility  Reception  Free Wifi  + 14 more,"Near Apollo Pharmacy, Secunderabad, Hyderabad·       8.9 km",Hyderabad,Near Apollo Pharmacy,1788,48,922,3.9,602 Ratings,Good,OYO,37427 Hotel Shannu Grand,yes,yes,yes,yes,yes,yes,yes,yes
83,83,OYO 71234 Hotel Shyam ,₹799₹185556% offper room per nightView DetailsBook Now,3.5 (727 Ratings)·Good, Reception  Free Wifi  24/7 Checkin  + 16 more,"M.G.Road, Hyderabad·       6.4 km",Hyderabad,M.G.Road,1855,56,799,3.5,727 Ratings,Good,OYO,71234 Hotel Shyam,yes,yes,yes,yes,yes,yes,yes,yes
84,84, OYO Flagship 76655 Goldhorn Hotels Mehdipatnam,₹1439₹274147% offper room per nightView DetailsBook Now,3.9 (1478 Ratings)·Good, Living Room  Cot  Washing Machine  + 83 more,"Mehdipatnam, Hyderabad·       5.3 km",Hyderabad,Mehdipatnam,2741,47,1439,3.9,1478 Ratings,Good,OYO,Flagship 76655 Goldhorn Hotels Mehdipatnam,no,no,no,no,no,no,no,no
85,85,CAPITAL O 30955 Alpine Glow Pinnacle,₹1449₹275947% offper room per nightView DetailsBook Now,4.3 (1667 Ratings)·Very Good, Reception  Power backup  Refrigerator  + 38 more,"Near Veg Market, Bowenpally, Hyderabad·       9.4 km",Hyderabad,Near Veg Market,2759,47,1449,4.3,1667 Ratings,Very,,O 30955 Alpine Glow Pinnacle,no,no,no,no,no,no,no,no
86,86,Capital O 24450 Hotel Surabhi,₹871₹307971% offper room per nightView DetailsBook Now,3.3 (445 Ratings)·Fair, Parking Facility  Reception  Free Wifi  + 20 more,"Near Vishnu Theatre, Vijayawada Highway,Hyderabad·       9.6 km",Hyderabad,Near Vishnu Theatre,3079,71,871,3.3,445 Ratings,Fair,Capital O,O 24450 Hotel Surabhi,yes,yes,yes,yes,yes,yes,yes,yes
87,87,Collection O 77471 Kumar Residency Inn,₹1524₹290247% offper room per nightView DetailsBook Now,4.1 (918 Ratings)·Very Good, Reception  Free Wifi  Power backup  + 12 more,"Kothapet, Hyderabad·       7.0 km",Hyderabad,Kothapet,2902,47,1524,4.1,918 Ratings,Very,Collection O,O 77471 Kumar Residency Inn,yes,yes,yes,yes,yes,yes,yes,yes
88,88,Townhouse 710 Hotel Regal,₹1452₹276547% offper room per nightView DetailsBook Now,3.7 (259 Ratings)·Good, Parking Facility  Free Wifi  Power backup  + 10 more,"Nampally station road, Adj Lane Metro Foot Wear, Opp. Iskcon Temple, Abids,  Hyderabad, Telangana, 500001·       1.2 km",Hyderabad,Nampally station road,2765,47,1452,3.7,259 Ratings,Good,Townhouse,710 Hotel Regal,yes,yes,yes,yes,yes,yes,yes,yes
89,89,OYO Flagship 469 Kachiguda Railway Station,₹1881₹358247% offper room per nightView DetailsBook Now,3.4 (1537 Ratings)·Fair, Living Room  Reception  Washing Machine  + 109 more,"Near Kumar Theatre, Kachiguda, Hyderabad·       1.1 km",Hyderabad,Near Kumar Theatre,3582,47,1881,3.4,1537 Ratings,Fair,OYO,Flagship 469 Kachiguda Railway Station,no,no,no,no,no,no,no,no
90,90,Capital O 86296 Hotel Panchavati Grand,₹1726₹328847% offper room per nightView DetailsBook Now,4.1 (136 Ratings)·Very Good, Parking Facility  Reception  Free Wifi  + 19 more,"Secunderabad, Hyderabad·       5.7 km",Hyderabad,Secunderabad,3288,47,1726,4.1,136 Ratings,Very,Capital O,O 86296 Hotel Panchavati Grand,yes,yes,yes,yes,yes,yes,yes,yes
91,91,OYO 5527 Hanvi Inn,₹899₹208056% offper room per nightView DetailsBook Now,2.7 (73 Ratings)·Fair, Free Wifi  Power backup  Card Payment  + 12 more,"Near Reddys Lab, Banjara Hills, Hyderabad·       6.9 km",Hyderabad,Near Reddys Lab,2080,56,899,2.7,73 Ratings,Fair,OYO,5527 Hanvi Inn,yes,yes,yes,yes,yes,yes,yes,yes
92,92,Capital O 44354 Jubilee Banjara Suites,₹1400₹279649% offper room per nightView DetailsBook Now,3.9 (840 Ratings)·Good, Free Wifi  AC  AC  + 5 more,"Near American Hospital, Banjarahills, Hyderabad·       6.7 km",Hyderabad,Near American Hospital,2796,49,1400,3.9,840 Ratings,Good,Capital O,O 44354 Jubilee Banjara Suites,yes,yes,yes,yes,yes,yes,yes,yes
93,93,Collection O 9386 Hotel Happy Stay,₹925₹242661% offper room per nightView DetailsBook Now,3.3 (370 Ratings)·Fair, AC  TV ,"Near ICICI Bank, Begumpet, Hyderabad·       6.9 km",Hyderabad,Near ICICI Bank,2426,61,925,3.3,370 Ratings,Fair,Collection O,O 9386 Hotel Happy Stay,no,no,no,no,no,no,no,no
94,94,OYO Home 84000 Peaceful Stay Villa,₹1014₹193147% offper room per nightView DetailsBook Now,3.5 (236 Ratings)·Good, Parking Facility  Free Wifi  Geyser  + 6 more,"India, Hyderabad·       6.4 km",Hyderabad,India,1931,47,1014,3.5,236 Ratings,Good,OYO,Home 84000 Peaceful Stay Villa,yes,yes,yes,yes,yes,yes,yes,yes
95,95,Capital O 89127 Hotel Samrat Palace,₹1594₹303747% offper room per nightView DetailsBook Now,NEW, Reception  Free Wifi  Caretaker  + 8 more,"India, Hyderabad·       1.9 km",Hyderabad,India,3037,47,1594,,,,Capital O,O 89127 Hotel Samrat Palace,yes,yes,yes,yes,yes,yes,yes,yes
96,96,OYO 26650 R Square,₹899₹215658% offper room per nightView DetailsBook Now,3.3 (313 Ratings)·Fair, Reception  Free Wifi  Power backup  + 15 more,"Near L B nagar D- Mart, Hyderabad·       7.6 km",Hyderabad,Near L B nagar D- Mart,2156,58,899,3.3,313 Ratings,Fair,OYO,26650 R Square,yes,yes,yes,yes,yes,yes,yes,yes
97,97,OYO 4376 Imax Inn,₹1809₹344547% offper room per nightView DetailsBook Now,3.4 (233 Ratings)·Fair, Parking Facility  Reception  Ticket Tour Assistance  + 21 more,"Near Shravana Hospital, Malakunta Road, Hyderabad·       1.4 km",Hyderabad,Near Shravana Hospital,3445,47,1809,3.4,233 Ratings,Fair,OYO,4376 Imax Inn,no,no,no,no,no,no,no,no
98,98,OYO Townhouse 862 Che Sigma,₹1432₹272747% offper room per nightView DetailsBook Now,4.2 (838 Ratings)·Very Good, Parking Facility  Reception  Free Wifi  + 14 more,"Hyderabad, Hyderabad·       9.0 km",Hyderabad,Hyderabad,2727,47,1432,4.2,838 Ratings,Very,OYO,Townhouse 862 Che Sigma,yes,yes,yes,yes,yes,yes,yes,yes
99,99,Collection O 42514 Banjara Hills,₹2332₹444147% offper room per nightView DetailsBook Now,4.3 (993 Ratings)·Very Good, Reception  Ticket Tour Assistance  Security  + 14 more,"Near Aasha hospital, Venkat Nagar, Hyderabad·       7.1 km",Hyderabad,Near Aasha hospital,4441,47,2332,4.3,993 Ratings,Very,Collection O,O 42514 Banjara Hills,no,no,no,no,no,no,no,no
100,100,OYO 78865 Raga Stays ,₹1222₹232747% offper room per nightView DetailsBook Now,3.6 (809 Ratings)·Good, Parking Facility  Elevator  Free Wifi  + 6 more,"Beside Reliance Trends , LB Nagar Circle ,LB Nagar , Hyderabad·       8.4 km",Hyderabad,Beside Reliance Trends ,2327,47,1222,3.6,809 Ratings,Good,OYO,78865 Raga Stays,yes,yes,yes,yes,yes,yes,yes,yes
101,101,Collection O 80304 Hotel PNR Banjara Hills,₹1402₹267147% offper room per nightView DetailsBook Now,3.8 (574 Ratings)·Good, Reception  Free Wifi  Security  + 12 more,"Road No 10 Banjara Hills Guru Bramaha, Hyderabad·       6.4 km",Hyderabad,Road No 10 Banjara Hills Guru Bramaha,2671,47,1402,3.8,574 Ratings,Good,Collection O,O 80304 Hotel PNR Banjara Hills,yes,yes,yes,yes,yes,yes,yes,yes
102,102,Capital O 78864 Hotel Ragas,₹1014₹193247% offper room per nightView DetailsBook Now,3.2 (582 Ratings)·Fair, Parking Facility  Queen Sized Bed  Free Wifi  + 16 more,"Near Sagar Ring Road, Reddy Colony, Lb Nagar,Hyderabad·       8.0 km",Hyderabad,Near Sagar Ring Road,1932,47,1014,3.2,582 Ratings,Fair,Capital O,O 78864 Hotel Ragas,yes,yes,yes,yes,yes,yes,yes,yes
103,103,Collection O 7601 Hotel Park Heights Banjara Hills,₹1262₹240447% offper room per nightView DetailsBook Now,3.8 (21 Ratings)·Good, Parking Facility  Free Wifi  Power backup  + 15 more,"Telangana , Hyderabad·       6.6 km",Hyderabad,Telangana ,2404,47,1262,3.8,21 Ratings,Good,Collection O,O 7601 Hotel Park Heights Banjara Hills,yes,yes,yes,yes,yes,yes,yes,yes
104,104,Collection O 3169 Hotel Lotus Grand,₹1444₹274947% offper room per nightView DetailsBook Now,3.2 (511 Ratings)·Fair, Free Wifi  Power backup  TV  + 11 more,"Secunderabad, Hyderabad·       5.8 km",Hyderabad,Secunderabad,2749,47,1444,3.2,511 Ratings,Fair,Collection O,O 3169 Hotel Lotus Grand,yes,yes,yes,yes,yes,yes,yes,yes
105,105,OYO Flagship 11376 Hotel Golden Park( VVG Grand),₹1445₹275247% offper room per nightView DetailsBook Now,3.3 (360 Ratings)·Fair, AC  TV  TV  + 3 more,"Near Satyam Theatre, Ameerpet, Hyderabad·       7.1 km",Hyderabad,Near Satyam Theatre,2752,47,1445,3.3,360 Ratings,Fair,OYO,Flagship 11376 Hotel Golden Park( VVG Grand),no,no,no,no,no,no,no,no
106,106,OYO 1410 Country Club Begumpet,₹2107₹401247% offper room per nightView DetailsBook Now,3.4 (371 Ratings)·Fair, Parking Facility  Reception  Free Wifi  + 14 more,"Near Railway Station, Begumpet, Hyderabad·       6.7 km",Hyderabad,Near Railway Station,4012,47,2107,3.4,371 Ratings,Fair,OYO,1410 Country Club Begumpet,yes,yes,yes,yes,yes,yes,yes,yes
107,107,OYO Townhouse White Ridge 112 Shivam Road,Sold Out,4.3 (2089 Ratings)·Very Good, Reception  Public Washroom  Caretaker  + 24 more,"New Nallakunta, Hyderabad·       2.7 km",Hyderabad,New Nallakunta,,,,4.3,2089 Ratings,Very,OYO,Townhouse White Ridge 112 Shivam Road,no,no,no,no,no,no,no,no
108,108,OYO Flagship 83917 Lakeview Palace,Sold Out,4.7 (354 Ratings)·Excellent, Reception  Free Wifi  Caretaker  + 12 more,"Hyderabad, Hyderabad·       4.9 km",Hyderabad,Hyderabad,,,,4.7,354 Ratings,Excellent,OYO,Flagship 83917 Lakeview Palace,yes,yes,yes,yes,yes,yes,yes,yes
109,109,OYO HYD1516 Hotel Aroma Classic,Sold Out,4.2 (847 Ratings)·Very Good, Elevator  Free Wifi  Geyser  + 7 more,"Ghosha Mahal, Hyderabad·       2.1 km",Hyderabad,Ghosha Mahal,,,,4.2,847 Ratings,Very,OYO,HYD1516 Hotel Aroma Classic,yes,yes,yes,yes,yes,yes,yes,yes
110,110,OYO 6651 Hotel Srujana Stay Inn,Sold Out,4.1 (1079 Ratings)·Very Good, Parking Facility  Reception  Free Wifi  + 11 more,"Opposite Public Garden Nampally, Hyderabad·       2.0 km",Hyderabad,Opposite Public Garden Nampally,,,,4.1,1079 Ratings,Very,OYO,6651 Hotel Srujana Stay Inn,yes,yes,yes,yes,yes,yes,yes,yes
111,111,Collection O 63872 Enchanting Spaces,Sold Out,4.2 (1331 Ratings)·Very Good, Parking Facility  Reception  Free Wifi  + 18 more,"Near Railway Officer Colony, Walker Town, Hyderabad·       5.4 km",Hyderabad,Near Railway Officer Colony,,,,4.2,1331 Ratings,Very,Collection O,O 63872 Enchanting Spaces,yes,yes,yes,yes,yes,yes,yes,yes
112,112,OYO 71210 Jubilee Homes,Sold Out,4.5 (252 Ratings)·Excellent, AC  TV ,"Centrally Located, Near Annapurna Studios, Jubilee Hills, Hyderabad·       8.1 km",Hyderabad,Centrally Located,,,,4.5,252 Ratings,Excellent,OYO,71210 Jubilee Homes,no,no,no,no,no,no,no,no
113,113,OYO 78286 Collection O White Ridge,Sold Out,4.5 (3014 Ratings)·Excellent, AC  AC  TV  + 5 more,"LB Nagar, Hyderabad·       8.6 km",Hyderabad,LB Nagar,,,,4.5,3014 Ratings,Excellent,OYO,78286 Collection O White Ridge,no,no,no,no,no,no,no,no
114,114,OYO Flagship 18926 Tourist Krishna Inn,Sold Out,3.6 (376 Ratings)·Good, Elevator  Free Wifi  Geyser  + 9 more,"Near Barkatpura Rd, Kachiguda Station Rd,Hyderabad·       1.2 km",Hyderabad,Near Barkatpura Rd,,,,3.6,376 Ratings,Good,OYO,Flagship 18926 Tourist Krishna Inn,yes,yes,yes,yes,yes,yes,yes,yes
115,115,OYO 10139 Hotel Palak Residency,Sold Out,4.2 (1559 Ratings)·Very Good, AC  TV  Power backup  + 5 more,"Metro Pillar no: A947, 2nd Floor, Beside Erragadda Metro Station, Above Bajaj Showroom, Hyderabad·       9.9 km",Hyderabad,Metro Pillar no: A947,,,,4.2,1559 Ratings,Very,OYO,10139 Hotel Palak Residency,no,no,no,no,no,no,no,no
116,116,SPOT ON 47118 Pummy Lodge,Sold Out,2.5 (151 Ratings)·Fair, AC  TV  Window  + 1 more,"Centrally Located, Near Panjagutta Police Station,Panjagutta, Hyderabad·       5.8 km",Hyderabad,Centrally Located,,,,2.5,151 Ratings,Fair,SPOT ON,ON 47118 Pummy Lodge,no,no,no,no,no,no,no,no
117,117,OYO 87887 Alpine Glow Crest,Sold Out,4.9 (127 Ratings)·Fabulous, Reception  Free Wifi  Power backup  + 13 more,"Shop No. 10-4-A/130/2, Addagutta Road, Teachers Colony, East Marredpally·       7.0 km",Hyderabad,Shop No. 10-4-A/130/2,,,,4.9,127 Ratings,Fabulous,OYO,87887 Alpine Glow Crest,yes,yes,yes,yes,yes,yes,yes,yes
118,118,OYO 26883 Vasundhara Guest House,Sold Out,3.7 (676 Ratings)·Good, Reception  Free Wifi  Power backup  + 12 more,"Near Bombay Hotel, Hyderabad·       5.2 km",Hyderabad,Near Bombay Hotel,,,,3.7,676 Ratings,Good,OYO,26883 Vasundhara Guest House,yes,yes,yes,yes,yes,yes,yes,yes
119,119,OYO 30744 The  Gate,Sold Out,4.6 (1592 Ratings)·Excellent, Free Wifi  Geyser  Power backup  + 6 more,"Below Flyover, Railway station 1, Begumpet, Hyderabad·       6.8 km",Hyderabad,Below Flyover,,,,4.6,1592 Ratings,Excellent,OYO,30744 The Gate,yes,yes,yes,yes,yes,yes,yes,yes
120,120,CAPITAL O 15141 Townvilla Guest House,Sold Out,4.5 (2307 Ratings)·Excellent, Parking Facility  Reception  Free Wifi  + 14 more,"Near Indo US Super Speciality Hospital, Ameerpet, Hyderabad·       7.0 km",Hyderabad,Near Indo US Super Speciality Hospital,,,,4.5,2307 Ratings,Excellent,,O 15141 Townvilla Guest House,yes,yes,yes,yes,yes,yes,yes,yes
121,121,OYO Flagship 77115 Hotel Vaishnavi Palace,Sold Out,4.2 (2120 Ratings)·Very Good, Reception  Caretaker  Power backup  + 23 more,"#2-4-133 Beside KFC, Mahatma Gandhi Rd, Secunderabad, Telangana, Hyderabad·       5.7 km",Hyderabad,#2-4-133 Beside KFC,,,,4.2,2120 Ratings,Very,OYO,Flagship 77115 Hotel Vaishnavi Palace,no,no,no,no,no,no,no,no
122,122,OYO Townhouse  RCC Elite 265 Begumpet,Sold Out,4.6 (2887 Ratings)·Excellent, Private Entrance  Parking Facility  Reception  + 15 more,"Opp to Js babu silks., Hyderabad·       6.1 km",Hyderabad,Opp to Js babu silks.,,,,4.6,2887 Ratings,Excellent,OYO,Townhouse RCC Elite 265 Begumpet,no,no,no,no,no,no,no,no
123,123,OYO Townhouse 600 Gangothri,Sold Out,4.4 (3130 Ratings)·Very Good, Reception  Free Wifi  24/7 Checkin  + 11 more,Near RP Road BUS STOP·       5.7 km,Hyderabad,Near RP Road BUS STOP·       5.7 km,,,,4.4,3130 Ratings,Very,OYO,Townhouse 600 Gangothri,yes,yes,yes,yes,yes,yes,yes,yes
124,124,Capital O 23543 Hotel Vaishnavi,Sold Out,4.3 (2005 Ratings)·Very Good, Elevator  Free Wifi  Power backup  + 8 more,"Near Csi Wesley Church, Paras Towers, Hyderabad·       6.1 km",Hyderabad,Near Csi Wesley Church,,,,4.3,2005 Ratings,Very,Capital O,O 23543 Hotel Vaishnavi,yes,yes,yes,yes,yes,yes,yes,yes
125,125,OYO 2840 Kanha Grand,Sold Out,3.9 (582 Ratings)·Good, Reception  Security  24/7 Checkin  + 23 more,"Near Nilofer Hospital, lakdikapul, Hyderabad·       2.9 km",Hyderabad,Near Nilofer Hospital,,,,3.9,582 Ratings,Good,OYO,2840 Kanha Grand,no,no,no,no,no,no,no,no
126,126,OYO 68404 Sa Thirumala Residency,Sold Out,3.9 (453 Ratings)·Good, Reception  Free Wifi  Geyser  + 9 more,"Near VRK Silks, Himayatnagar, Hyderabad·       2.2 km",Hyderabad,Near VRK Silks,,,,3.9,453 Ratings,Good,OYO,68404 Sa Thirumala Residency,yes,yes,yes,yes,yes,yes,yes,yes
127,127,OYO 61506 Sai Residency,Sold Out,3.4 (568 Ratings)·Fair, Parking Facility  Free Wifi  Power backup  + 10 more,"Near Sr nagar metro station, Jawahar Nagar, Hyderabad·       8.7 km",Hyderabad,Near Sr nagar metro station,,,,3.4,568 Ratings,Fair,OYO,61506 Sai Residency,yes,yes,yes,yes,yes,yes,yes,yes
128,128,OYO 2006 Alpine Glow Sunrise,Sold Out,4.4 (879 Ratings)·Very Good, Private Entrance  Reception  Free Wifi  + 11 more,"Near RBI Quarters, Begumpet, Hyderabad·       7.4 km",Hyderabad,Near RBI Quarters,,,,4.4,879 Ratings,Very,OYO,2006 Alpine Glow Sunrise,yes,yes,yes,yes,yes,yes,yes,yes
129,129,OYO Townhouse 164 ESI Hospital,Sold Out,4.6 (4937 Ratings)·Excellent, Reception  Power backup  Security  + 23 more,"Sanath Nagar, Hyderabad·       8.8 km",Hyderabad,Sanath Nagar,,,,4.6,4937 Ratings,Excellent,OYO,Townhouse 164 ESI Hospital,no,no,no,no,no,no,no,no
130,130,OYO Flagship 87165 Sri Residency ,Sold Out,4.5 (177 Ratings)·Excellent, Free Wifi  AC  TV ,"Shivbagh colony Ameerpet, Hyderabad·       7.3 km",Hyderabad,Shivbagh colony Ameerpet,,,,4.5,177 Ratings,Excellent,OYO,Flagship 87165 Sri Residency,yes,yes,yes,yes,yes,yes,yes,yes
131,131,OYO Townhouse 113 The Shubham Dilsukhnaga,Sold Out,3.8 (1841 Ratings)·Good, Private Entrance  Parking Facility  Reception  + 13 more,", Hyderabad·       5.2 km",Hyderabad,,,,,3.8,1841 Ratings,Good,OYO,Townhouse 113 The Shubham Dilsukhnaga,no,no,no,no,no,no,no,no
132,132,Oyo Townhouse 151 De Alphabet,Sold Out,3.7 (1889 Ratings)·Good, Parking Facility  Reception  Free Wifi  + 15 more,"Near metro cash and carry, Uppal, Hyderabad·       7.7 km",Hyderabad,Near metro cash and carry,,,,3.7,1889 Ratings,Good,Townhouse,Townhouse 151 De Alphabet,yes,yes,yes,yes,yes,yes,yes,yes
133,133,OYO Townhouse 359 Begumpet,Sold Out,4.4 (3012 Ratings)·Very Good, Reception  Free Wifi  Daily Housekeeping  + 7 more,"Vinn Hospital, Begumpet, Hyderabad·       6.7 km",Hyderabad,Vinn Hospital,,,,4.4,3012 Ratings,Very,OYO,Townhouse 359 Begumpet,yes,yes,yes,yes,yes,yes,yes,yes
134,134,OYO 63371 R Square Stay,Sold Out,3.3 (491 Ratings)·Fair, Parking Facility  Elevator  Free Wifi  + 8 more,"Near LB Nagar Metro Station, LB Nagar, Hyderabad·       7.8 km",Hyderabad,Near LB Nagar Metro Station,,,,3.3,491 Ratings,Fair,OYO,63371 R Square Stay,yes,yes,yes,yes,yes,yes,yes,yes
135,135,OYO 4520 Hotel Central Park,Sold Out,4.0 (2077 Ratings)·Very Good, Reception  Cot  Public Washroom  + 20 more,"Hyderguda, Hyderabad·       1.7 km",Hyderabad,Hyderguda,,,,4.0,2077 Ratings,Very,OYO,4520 Hotel Central Park,no,no,no,no,no,no,no,no
136,136,OYO 71930 V Guest Inn ,Sold Out,4.4 (225 Ratings)·Very Good, Parking Facility  Free Wifi  Power backup  + 15 more,"7-1-211/25 Opp Indian Bank DK Road Ameerpet, Hyderabad·       7.2 km",Hyderabad,7-1-211/25 Opp Indian Bank DK Road Ameerpet,,,,4.4,225 Ratings,Very,OYO,71930 V Guest Inn,yes,yes,yes,yes,yes,yes,yes,yes
137,137,OYO 11316 Athithi Inn,Sold Out,3.5 (2060 Ratings)·Good, Modern Wardrobe  Modern Wardrobe  AC  + 14 more,"Near Maithrivanam Complex, Ameerpet, Hyderabad·       6.8 km",Hyderabad,Near Maithrivanam Complex,,,,3.5,2060 Ratings,Good,OYO,11316 Athithi Inn,no,no,no,no,no,no,no,no
138,138,OYO Townhouse 81794 Banjara Hills,Sold Out,3.9 (622 Ratings)·Good, Parking Facility  Reception  Free Wifi  + 12 more,"Masab Tank, Hyderabad·       4.3 km",Hyderabad,Masab Tank,,,,3.9,622 Ratings,Good,OYO,Townhouse 81794 Banjara Hills,yes,yes,yes,yes,yes,yes,yes,yes
139,139,OYO 65225 Hotel RK View,Sold Out,3.0 (40 Ratings)·Fair, Hair Dryer  Parking Facility  Reception  + 12 more,"Near Green Valley, Banjara Hills, Hyderabad·       6.2 km",Hyderabad,Near Green Valley,,,,3.0,40 Ratings,Fair,OYO,65225 Hotel RK View,no,no,no,no,no,no,no,no
140,140,OYO Flagship 70822 Pnd Complex,Sold Out,4.0 (830 Ratings)·Very Good, Parking Facility  Reception  Free Wifi  + 17 more,"Telangana  India, Hyderabad·       7.9 km",Hyderabad,Telangana  India,,,,4.0,830 Ratings,Very,OYO,Flagship 70822 Pnd Complex,yes,yes,yes,yes,yes,yes,yes,yes
141,141,OYO Townhouse 196 De Alphabet,Sold Out,4.0 (3817 Ratings)·Very Good, AC  TV  Queen Sized Bed  + 2 more,"Near Sai Baba Temple, Gudimalkapur, Hyderabad·       4.9 km",Hyderabad,Near Sai Baba Temple,,,,4.0,3817 Ratings,Very,OYO,Townhouse 196 De Alphabet,no,no,no,no,no,no,no,no
142,142,OYO 81097 SilverKey Halcyon Magnus,Sold Out,3.5 (5131 Ratings)·Good, Parking Facility  Elevator  Free Wifi  + 9 more,"Sanath Nagar, Hyderabad·       9.2 km",Hyderabad,Sanath Nagar,,,,3.5,5131 Ratings,Good,OYO,81097 SilverKey Halcyon Magnus,yes,yes,yes,yes,yes,yes,yes,yes
143,143,CAPITAL O 11079 Hotel Prestige,Sold Out,4.1 (2649 Ratings)·Very Good, Reception  Power backup  Security  + 23 more,"Centrally Located, Near Sun Shine Hospital, Paradise Road, Hyderabad·       6.3 km",Hyderabad,Centrally Located,,,,4.1,2649 Ratings,Very,,O 11079 Hotel Prestige,no,no,no,no,no,no,no,no
144,144,Capital O  82573 N Grand De Alphabet Hotel,Sold Out,4.1 (527 Ratings)·Very Good, Parking Facility  Free Wifi  Geyser  + 7 more,"Maredpally mandal, Hyderabad·       8.6 km",Hyderabad,Maredpally mandal,,,,4.1,527 Ratings,Very,Capital O,O 82573 N Grand De Alphabet Hotel,yes,yes,yes,yes,yes,yes,yes,yes
145,145,OYO 12237 Luxury Villas,Sold Out,3.0 (196 Ratings)·Fair, Parking Facility  Free Wifi  Power backup  + 14 more,"Begumpet, Hyderabad·       7.0 km",Hyderabad,Begumpet,,,,3.0,196 Ratings,Fair,OYO,12237 Luxury Villas,yes,yes,yes,yes,yes,yes,yes,yes
