,Unnamed: 0,Hotel Name,Cost Per Night,Rating,Features,Location,Selling_Price,Cost_Price,Discount,City,Locality,Rate,Customer_Rating,Remarks,Category,wifi_availabilty,Hotel_Name,Elevator,Parking Facility,Power backup,Doctor on Call,CCTV Cameras,Reception,AC
0,0,OYO 28715 Acclaim,₹500₹196374% offper room per nightView DetailsBook Now,4.5 (6 Ratings)·Excellent, Hair Dryer  Reception  Free Wifi  + 15 more,"Near Abdul Gaffar Khan Marg, Vasant Kunj, Delhi",500.0,1963.0,74.0,Delhi,"Near Abdul Gaffar Khan Marg, Vasant Kunj, ",4.5,6 Ratings,Excellent,OYO,yes,28715 Acclaim,yes,yes,yes,yes,yes,yes,yes
1,1,Capital O 88089 Hotel Elite,₹549₹254778% offper room per nightView DetailsBook Now,4.5 (74 Ratings)·Excellent, Parking Facility  Reception  Free Wifi  + 14 more,"India, Delhi",549.0,2547.0,78.0,Delhi,"India, ",4.5,4 Ratings,Excellent,Capital O,yes,O 88089 Hotel Elite,yes,yes,yes,yes,yes,yes,yes
2,2,OYO 87715 Comfort In,₹541₹202573% offper room per nightView DetailsBook Now,4.6 (136 Ratings)·Excellent, Elevator  Free Wifi  Geyser  + 7 more,"India, Delhi",541.0,2025.0,73.0,Delhi,"India, ",4.6,6 Ratings,Excellent,OYO,yes,87715 Comfort In,yes,yes,yes,yes,yes,yes,yes
3,3,OYO 87875 Krazy Home,₹500₹192574% offper room per nightView DetailsBook Now,4.5 (15 Ratings)·Excellent, Elevator  Free Wifi  Geyser  + 6 more,"India, Delhi",500.0,1925.0,74.0,Delhi,"India, ",4.5,5 Ratings,Excellent,OYO,yes,87875 Krazy Home,yes,yes,yes,yes,yes,yes,yes
4,4,OYO 22355 Hotel Istay,₹699₹237170% offper room per nightView DetailsBook Now,4.6 (176 Ratings)·Excellent, Reception  Free Wifi  Power backup  + 13 more,"Near New Delhi Railway Station, Delhi",699.0,2371.0,70.0,Delhi,"Near New  Railway Station, ",4.6,6 Ratings,Excellent,OYO,yes,22355 Hotel Istay,yes,yes,yes,yes,yes,yes,yes
5,5,OYO 70216 Bluemoon Inn,₹778₹208062% offper room per nightView DetailsBook Now,4.8 (360 Ratings)·Excellent, Reception  Free Wifi  Power backup  + 7 more,"Sarita Vihar, Delhi",778.0,2080.0,62.0,Delhi,"Sarita Vihar, ",4.8,0 Ratings,Excellent,OYO,yes,70216 Bluemoon Inn,yes,yes,yes,yes,yes,yes,yes
6,6,OYO 70893 Kl Khari Inn,₹799₹256468% offper room per nightView DetailsBook Now,4.6 (1016 Ratings)·Excellent, Parking Facility  Reception  Daily Housekeeping  + 7 more,"Near Ashok Park Main, Rampura Marg, Delhi",799.0,2564.0,68.0,Delhi,"Near Ashok Park Main, Rampura Marg, ",4.6,6 Ratings,Excellent,OYO,no,70893 Kl Khari Inn,no,no,no,no,no,no,no
7,7,OYO 86940 Sunrise Villa,₹500₹189073% offper room per nightView DetailsBook Now,4.5 (68 Ratings)·Excellent, Reception  Free Wifi  Caretaker  + 11 more,"Delhi, Delhi",500.0,1890.0,73.0,Delhi,", ",4.5,8 Ratings,Excellent,OYO,yes,86940 Sunrise Villa,yes,yes,yes,yes,yes,yes,yes
8,8,OYO 13277 Hotel Neelam Palace,₹695₹267974% offper room per nightView DetailsBook Now,4.6 (154 Ratings)·Excellent, Free Wifi  Power backup  AC  + 8 more,"Near New Delhi Railway Station, Delhi",695.0,2679.0,74.0,Delhi,"Near New  Railway Station, ",4.6,4 Ratings,Excellent,OYO,yes,13277 Hotel Neelam Palace,yes,yes,yes,yes,yes,yes,yes
9,9,OYO 87920 Hotel Happy Stay Inn,₹509₹201074% offper room per nightView DetailsBook Now,4.4 (28 Ratings)·Very Good, Free Wifi  Geyser  CCTV Cameras  + 5 more,"Delhi, Delhi",509.0,2010.0,74.0,Delhi,", ",4.4,8 Ratings,Very,OYO,yes,87920 Hotel Happy Stay Inn,yes,yes,yes,yes,yes,yes,yes
10,10,OYO 84391 Townhouse Hotel Grand,₹868₹204757% offper room per nightView DetailsBook Now,4.8 (263 Ratings)·Excellent, Reception  Free Wifi  Power backup  + 16 more,"Badarpur Border New Delhi, Delhi",868.0,2047.0,57.0,Delhi,"Badarpur Border New , ",4.8,3 Ratings,Excellent,OYO,yes,84391 Townhouse Hotel Grand,yes,yes,yes,yes,yes,yes,yes
11,11,OYO 77554 Red Carmine Deluxe,₹811₹233665% offper room per nightView DetailsBook Now,4.6 (230 Ratings)·Excellent, Doctor on Call  Reception  AC  + 8 more,"Badarpur Border, Delhi",811.0,2336.0,65.0,Delhi,"Badarpur Border, ",4.6,0 Ratings,Excellent,OYO,no,77554 Red Carmine Deluxe,no,no,no,no,no,no,no
12,12,Capital O 87150 The imperial orbit,₹899₹285168% offper room per nightView DetailsBook Now,4.8 (128 Ratings)·Excellent, Doctor on Call  Parking Facility  Reception  + 18 more,"India - 110034, Delhi",899.0,2851.0,68.0,Delhi,"India - 110034, ",4.8,8 Ratings,Excellent,Capital O,no,O 87150 The imperial orbit,no,no,no,no,no,no,no
13,13,Collection O 83904 Hotel Small Town,₹799₹233965% offper room per nightView DetailsBook Now,4.6 (269 Ratings)·Excellent, Reception  Power backup  Security  + 11 more,"60/61 Main Rampura School road, near ashok park main metro station-110086",799.0,2339.0,65.0,Delhi,"60/61 Main Rampura School road, near ashok park main metro station-110086",4.6,9 Ratings,Excellent,Collection O,no,O 83904 Hotel Small Town,no,no,no,no,no,no,no
14,14,OYO 75351 Hotel Moon Palace Dx,₹549₹193171% offper room per nightView DetailsBook Now,4.7 (955 Ratings)·Excellent, TV ,"Near R.K. ASHRAM MARG METRO STATION, Pahar Ganj, Delhi",549.0,1931.0,71.0,Delhi,"Near R.K. ASHRAM MARG METRO STATION, Pahar Ganj, ",4.7,5 Ratings,Excellent,OYO,no,75351 Hotel Moon Palace Dx,no,no,no,no,no,no,no
15,15,SPOT ON 72997 D C Palace,₹364₹224083% offper room per nightView DetailsBook Now,2.9 (520 Ratings)·Fair, Parking Facility  Reception  Free Wifi  + 10 more,"Near KD Campus, Gopalpur, Delhi",364.0,2240.0,83.0,Delhi,"Near KD Campus, Gopalpur, ",2.9,0 Ratings,Fair,SPOT ON,yes,ON 72997 D C Palace,yes,yes,yes,yes,yes,yes,yes
16,16,OYO 87588 Dolphin,₹541₹192071% offper room per nightView DetailsBook Now,4.5 (33 Ratings)·Excellent, Elevator  Free Wifi  Geyser  + 7 more,"New Delhi - 110 037, Delhi",541.0,1920.0,71.0,Delhi,"New  - 110 037, ",4.5,3 Ratings,Excellent,OYO,yes,87588 Dolphin,yes,yes,yes,yes,yes,yes,yes
17,17,SPOT ON 29024 Jageer Palace,₹433₹114562% offper room per nightView DetailsBook Now,4.3 (266 Ratings)·Very Good, Reception  CCTV Cameras  Power backup  + 3 more,"Near Bawana Chamber Of Industries, Puth Khurd, Delhi",433.0,1145.0,62.0,Delhi,"Near Bawana Chamber Of Industries, Puth Khurd, ",4.3,6 Ratings,Very,SPOT ON,no,ON 29024 Jageer Palace,no,no,no,no,no,no,no
18,18,OYO 86628 Ojas Palace ,₹541₹190671% offper room per nightView DetailsBook Now,4.1 (11 Ratings)·Very Good, Reception  Free Wifi  Power backup  + 10 more,"new delhi , Delhi",541.0,1906.0,71.0,Delhi,"new delhi , ",4.1,1 Ratings,Very,OYO,yes,86628 Ojas Palace,yes,yes,yes,yes,yes,yes,yes
19,19,OYO 44260 Saffron Inn,₹974₹214754% offper room per nightView DetailsBook Now,4.6 (1855 Ratings)·Excellent, Reception  Free Wifi  Power backup  + 13 more,"PHARAGANJ, Delhi",974.0,2147.0,54.0,Delhi,"PHARAGANJ, ",4.6,5 Ratings,Excellent,OYO,yes,44260 Saffron Inn,yes,yes,yes,yes,yes,yes,yes
20,20,OYO 84351 Welcome Palace,₹799₹211662% offper room per nightView DetailsBook Now,4.5 (392 Ratings)·Excellent, Hair Dryer  AC  TV  + 3 more,"pillar no. 51 Laxmi Nagar, Delhi",799.0,2116.0,62.0,Delhi,"pillar no. 51 Laxmi Nagar, ",4.5,2 Ratings,Excellent,OYO,no,84351 Welcome Palace,no,no,no,no,no,no,no
21,21,SPOT ON 83214 Raj Guest House,₹454₹208078% offper room per nightView DetailsBook Now,NEW, Parking Facility  Free Wifi  Power backup  + 10 more,"India, Delhi",454.0,2080.0,78.0,Delhi,"India, ",,,,SPOT ON,yes,ON 83214 Raj Guest House,yes,yes,yes,yes,yes,yes,yes
22,22,Townhouse 483 Hotel Rivasa Regency,₹899₹231561% offper room per nightView DetailsBook Now,4.7 (866 Ratings)·Excellent, Private Entrance  Parking Facility  Reception  + 18 more,"B12 Main Chattarpur Road, Delhi",899.0,2315.0,61.0,Delhi,"B12 Main Chattarpur Road, ",4.7,6 Ratings,Excellent,Townhouse,no,483 Hotel Rivasa Regency,no,no,no,no,no,no,no
23,23,Collection O 76614 J K Hotel,₹949₹288667% offper room per nightView DetailsBook Now,3.0 (852 Ratings)·Fair, Free Wifi  CCTV Cameras  AC  + 1 more,"Pitam Pura, Delhi",949.0,2886.0,67.0,Delhi,"Pitam Pura, ",3.0,2 Ratings,Fair,Collection O,yes,O 76614 J K Hotel,yes,yes,yes,yes,yes,yes,yes
24,24,OYO 86920 Bella House,₹500₹209376% offper room per nightView DetailsBook Now,4.0 (61 Ratings)·Very Good, Elevator  Free Wifi  Geyser  + 7 more,"Delhi, Delhi",500.0,2093.0,76.0,Delhi,", ",4.0,1 Ratings,Very,OYO,yes,86920 Bella House,yes,yes,yes,yes,yes,yes,yes
25,25,Collection O 81401 Sai Residency,₹576₹317181% offper room per nightView DetailsBook Now,3.7 (132 Ratings)·Good, Free Wifi  CCTV Cameras  AC  + 4 more,"Multani Dhanda, Delhi",576.0,3171.0,81.0,Delhi,"Multani Dhanda, ",3.7,2 Ratings,Good,Collection O,yes,O 81401 Sai Residency,yes,yes,yes,yes,yes,yes,yes
26,26,OYO 61891 Hotel Kabila ,₹1216₹273355% offper room per nightView DetailsBook Now,4.5 (2291 Ratings)·Excellent, Reception  Free Wifi  Power backup  + 12 more,"Karol Bagh, Delhi",1216.0,1216.0,55.0,Delhi,"Karol Bagh, ",4.5,1 Ratings,Excellent,OYO,yes,61891 Hotel Kabila,yes,yes,yes,yes,yes,yes,yes
27,27,Collection O 83921 The Maharaja Grand,₹722₹257371% offper room per nightView DetailsBook Now,4.4 (141 Ratings)·Very Good, Doctor on Call  Parking Facility  Reception  + 20 more,"Rohini Tehsil, Delhi",722.0,2573.0,71.0,Delhi,"Rohini Tehsil, ",4.4,1 Ratings,Very,Collection O,no,O 83921 The Maharaja Grand,no,no,no,no,no,no,no
28,28,SPOT ON 76979 Chandu Inn,₹376₹137072% offper room per nightView DetailsBook Now,3.1 (392 Ratings)·Fair, Doctor on Call  Reception  Ticket Tour Assistance  + 16 more,"New Delhi - 110016, Delhi",376.0,1370.0,72.0,Delhi,"New  - 110016, ",3.1,2 Ratings,Fair,SPOT ON,no,ON 76979 Chandu Inn,no,no,no,no,no,no,no
29,29,OYO 87205 Hotel Sapan Plaza,₹625₹192067% offper room per nightView DetailsBook Now,4.3 (52 Ratings)·Very Good, Reception  Ticket Tour Assistance  Free Wifi  + 19 more,"New Delhi , Delhi",625.0,1920.0,67.0,Delhi,"New  , ",4.3,2 Ratings,Very,OYO,yes,87205 Hotel Sapan Plaza,yes,yes,yes,yes,yes,yes,yes
30,30,Collection O 83547 Iconic Residency,₹925₹176547% offper room per nightView DetailsBook Now,4.3 (768 Ratings)·Very Good, Reception  Free Wifi  Caretaker  + 10 more,"RAJENDRA NAGAR, Delhi",925.0,1765.0,47.0,Delhi,"RAJENDRA NAGAR, ",4.3,8 Ratings,Very,Collection O,yes,O 83547 Iconic Residency,yes,yes,yes,yes,yes,yes,yes
31,31,Capital O 86072 Holiday Home ,₹657₹254274% offper room per nightView DetailsBook Now,2.7 (10 Ratings)·Fair, Reception  Ticket Tour Assistance  Free Wifi  + 20 more,"India, Delhi",657.0,2542.0,74.0,Delhi,"India, ",2.7,0 Ratings,Fair,Capital O,yes,O 86072 Holiday Home,yes,yes,yes,yes,yes,yes,yes
32,32,Collection O 50329 Singh Guest House,₹559₹233976% offper room per nightView DetailsBook Now,4.5 (341 Ratings)·Excellent, Reception  Free Wifi  CCTV Cameras  + 5 more,"New Delhi 71, Delhi",559.0,2339.0,76.0,Delhi,"New  71, ",4.5,1 Ratings,Excellent,Collection O,yes,O 50329 Singh Guest House,yes,yes,yes,yes,yes,yes,yes
33,33,OYO 62660 Hotel Park View,₹625₹211070% offper room per nightView DetailsBook Now,4.4 (1521 Ratings)·Very Good, Hair Dryer  Reception  Power backup  + 15 more,"Near Adarsh nagar, Matmy Memar, Delhi",625.0,2110.0,70.0,Delhi,"Near Adarsh nagar, Matmy Memar, ",4.4,1 Ratings,Very,OYO,no,62660 Hotel Park View,no,no,no,no,no,no,no
34,34,OYO 37773 Hotel J Joy,₹799₹173453% offper room per nightView DetailsBook Now,4.5 (1138 Ratings)·Excellent, Reception  Free Wifi  Power backup  + 14 more,"MAIN FAIZ ROAD (Above SBI BANK), KAROL BAGH",799.0,1734.0,53.0,Delhi,"MAIN FAIZ ROAD (Above SBI BANK), KAROL BAGH",4.5,8 Ratings,Excellent,OYO,yes,37773 Hotel J Joy,yes,yes,yes,yes,yes,yes,yes
35,35,OYO 7217 Hotel Knk International,₹1279₹243547% offper room per nightView DetailsBook Now,4.5 (469 Ratings)·Excellent, Reception  Free Wifi  Power backup  + 15 more,"Near Karol Bagh, WEA, Delhi",1279.0,1279.0,47.0,Delhi,"Near Karol Bagh, WEA, ",4.5,9 Ratings,Excellent,OYO,yes,7217 Hotel Knk International,yes,yes,yes,yes,yes,yes,yes
36,36,OYO 12739 Mahesh Inn,₹550₹210473% offper room per nightView DetailsBook Now,3.3 (474 Ratings)·Fair, AC  TV  AC  + 12 more,Near New Delhi Railway Station,550.0,2104.0,73.0,Delhi,Near New  Railway Station,3.3,4 Ratings,Fair,OYO,no,12739 Mahesh Inn,no,no,no,no,no,no,no
37,37,OYO 7684 Hotel Repose Villa,₹799₹224064% offper room per nightView DetailsBook Now,4.6 (1288 Ratings)·Excellent, Elevator  Free Wifi  Geyser  + 4 more,"Near new delhi railway station, Chuna Mandi, Delhi",799.0,2240.0,64.0,Delhi,"Near new delhi railway station, Chuna Mandi, ",4.6,8 Ratings,Excellent,OYO,yes,7684 Hotel Repose Villa,yes,yes,yes,yes,yes,yes,yes
38,38,Collection O 83597 Hotel Love Stay,₹664₹193265% offper room per nightView DetailsBook Now,4.3 (387 Ratings)·Very Good, Reception  Free Wifi  Power backup  + 19 more,"South West Delhi, Delhi",664.0,1932.0,65.0,Delhi,"South West , ",4.3,7 Ratings,Very,Collection O,yes,O 83597 Hotel Love Stay,yes,yes,yes,yes,yes,yes,yes
39,39,OYO 84076 Dwarka Metro View,₹625₹208069% offper room per nightView DetailsBook Now,3.4 (268 Ratings)·Fair, Reception  Ticket Tour Assistance  Free Wifi  + 15 more,"near Dwarka Metro Station, Delhi",625.0,2080.0,69.0,Delhi,"near Dwarka Metro Station, ",3.4,8 Ratings,Fair,OYO,yes,84076 Dwarka Metro View,yes,yes,yes,yes,yes,yes,yes
40,40,OYO 85985 Sunrise Villa,₹549₹208073% offper room per nightView DetailsBook Now,4.1 (83 Ratings)·Very Good, Parking Facility  Reception  Caretaker  + 12 more,"India, Delhi",549.0,2080.0,73.0,Delhi,"India, ",4.1,3 Ratings,Very,OYO,no,85985 Sunrise Villa,no,no,no,no,no,no,no
41,41, OYO Flagship 77310 Sec 7 Rohini ,₹684₹195865% offper room per nightView DetailsBook Now,4.5 (1586 Ratings)·Excellent, Free Wifi  AC  TV ,"near bank of Baroda, Delhi",684.0,1958.0,65.0,Delhi,"near bank of Baroda, ",4.5,6 Ratings,Excellent,OYO,yes,Flagship 77310 Sec 7 Rohini,yes,yes,yes,yes,yes,yes,yes
42,42,OYO 85984 Hotel Happy Spring,₹625₹192967% offper room per nightView DetailsBook Now,4.4 (72 Ratings)·Very Good, Parking Facility  Reception  Free Wifi  + 14 more,"South East Delhi, Delhi",625.0,1929.0,67.0,Delhi,"South East , ",4.4,2 Ratings,Very,OYO,yes,85984 Hotel Happy Spring,yes,yes,yes,yes,yes,yes,yes
43,43,OYO 79123 Smart Palace,₹541₹206173% offper room per nightView DetailsBook Now,3.8 (97 Ratings)·Good, Parking Facility  Reception  Ticket Tour Assistance  + 14 more,"Sarita Vihar New Delhi 110076, Delhi",541.0,2061.0,73.0,Delhi,"Sarita Vihar New  110076, ",3.8,7 Ratings,Good,OYO,no,79123 Smart Palace,no,no,no,no,no,no,no
44,44,OYO 87591 Legend Stay,₹830₹185055% offper room per nightView DetailsBook Now,4.7 (39 Ratings)·Excellent, Doctor on Call  Reception  Free Wifi  + 14 more,"India, Delhi",830.0,1850.0,55.0,Delhi,"India, ",4.7,9 Ratings,Excellent,OYO,yes,87591 Legend Stay,yes,yes,yes,yes,yes,yes,yes
45,45,OYO 67901 Hotel Yugh Dx,₹541₹224075% offper room per nightView DetailsBook Now,3.1 (38 Ratings)·Fair, Hair Dryer  Reception  Free Wifi  + 18 more,"Near New Delhi Railway Station, Delhi",541.0,2240.0,75.0,Delhi,"Near New  Railway Station, ",3.1,8 Ratings,Fair,OYO,yes,67901 Hotel Yugh Dx,yes,yes,yes,yes,yes,yes,yes
46,46,OYO Flagship 87309 Hotel Blue Moon ,₹901₹185151% offper room per nightView DetailsBook Now,4.9 (47 Ratings)·Fabulous, Hair Dryer  Parking Facility  Reception  + 14 more,"India, Delhi",901.0,1851.0,51.0,Delhi,"India, ",4.9,7 Ratings,Fabulous,OYO,no,Flagship 87309 Hotel Blue Moon,no,no,no,no,no,no,no
47,47,SPOT ON 61091 Hotel Silver Palace Dx,₹766₹145947% offper room per nightView DetailsBook Now,4.6 (4036 Ratings)·Excellent, AC  Reception  Queen Sized Bed  + 7 more,"Near RK ASHRAM METRO STATION, Pahar Ganj, Delhi",766.0,1459.0,47.0,Delhi,"Near RK ASHRAM METRO STATION, Pahar Ganj, ",4.6,6 Ratings,Excellent,SPOT ON,no,ON 61091 Hotel Silver Palace Dx,no,no,no,no,no,no,no
48,48,OYO Silver Key 77709 Stay Heaven,₹1318₹250947% offper room per nightView DetailsBook Now,3.5 (1268 Ratings)·Good, Free Wifi  AC  TV ,"Chhatarpur, Delhi",1318.0,1318.0,47.0,Delhi,"Chhatarpur, ",3.5,8 Ratings,Good,OYO,yes,Silver Key 77709 Stay Heaven,yes,yes,yes,yes,yes,yes,yes
49,49,OYO 47447 Flagship Designer Stay GD Goenka School,₹641₹219270% offper room per nightView DetailsBook Now,4.0 (108 Ratings)·Very Good, Free Wifi  Geyser  AC  + 3 more,Plot no 42 Pocket no 5 Sector 22 Near GD Goenka Public School,641.0,2192.0,70.0,Delhi,Plot no 42 Pocket no 5 Sector 22 Near GD Goenka Public School,4.0,8 Ratings,Very,OYO,yes,47447 Flagship Designer Stay GD Goenka School,yes,yes,yes,yes,yes,yes,yes
50,50,OYO 5985 Hotel Priya Palace,₹625₹224072% offper room per nightView DetailsBook Now,2.7 (28 Ratings)·Fair, Elevator  Free Wifi  Geyser  + 8 more,"Near New Delhi Railway Station, Delhi",625.0,2240.0,72.0,Delhi,"Near New  Railway Station, ",2.7,8 Ratings,Fair,OYO,yes,5985 Hotel Priya Palace,yes,yes,yes,yes,yes,yes,yes
51,51,OYO 89006 Bhera Residency,₹821₹180454% offper room per nightView DetailsBook Now,NEW, Free Wifi  Geyser  CCTV Cameras  + 5 more,"Delhi, Delhi",821.0,1804.0,54.0,Delhi,", ",,,,OYO,yes,89006 Bhera Residency,yes,yes,yes,yes,yes,yes,yes
52,52,OYO 82676 Aashiana Residency,₹500₹208075% offper room per nightView DetailsBook Now,3.7 (306 Ratings)·Good, AC  TV  Attached Bathroom ,"Vasant Kunj Enclave, Delhi",500.0,2080.0,75.0,Delhi,"Vasant Kunj Enclave, ",3.7,6 Ratings,Good,OYO,no,82676 Aashiana Residency,no,no,no,no,no,no,no
53,53,OYO HOME 87744 Khattar,₹489₹170371% offper room per nightView DetailsBook Now,NEW, Free Wifi  Geyser  CCTV Cameras  + 4 more,"India, Delhi",489.0,1703.0,71.0,Delhi,"India, ",,,,OYO,yes,HOME 87744 Khattar,yes,yes,yes,yes,yes,yes,yes
54,54,OYO 46761 Hotel Royal King Deluxe,₹625₹208069% offper room per nightView DetailsBook Now,3.3 (300 Ratings)·Fair, Private Entrance  Reception  Power backup  + 28 more,"Near Hariram Sweets, Burari village, Takia Chowk, Delhi",625.0,2080.0,69.0,Delhi,"Near Hariram Sweets, Burari village, Takia Chowk, ",3.3,0 Ratings,Fair,OYO,no,46761 Hotel Royal King Deluxe,no,no,no,no,no,no,no
55,55,Capital O 37878 Star Seventeen,₹1902₹392751% offper room per nightView DetailsBook Now,4.1 (849 Ratings)·Very Good, Parking Facility  Reception  Free Wifi  + 17 more,"block A pocket -2 sector 17, Delhi",1902.0,1902.0,51.0,Delhi,"block A pocket -2 sector 17, ",4.1,9 Ratings,Very,Capital O,yes,O 37878 Star Seventeen,yes,yes,yes,yes,yes,yes,yes
56,56,Capital O 85803 Prince Residency,₹747₹208064% offper room per nightView DetailsBook Now,3.9 (71 Ratings)·Good, Reception  Free Wifi  Caretaker  + 17 more,"Delhi, Delhi",747.0,2080.0,64.0,Delhi,", ",3.9,1 Ratings,Good,Capital O,yes,O 85803 Prince Residency,yes,yes,yes,yes,yes,yes,yes
57,57,Capital O 85598 Hotel Friend,₹598₹227873% offper room per nightView DetailsBook Now,3.9 (5 Ratings)·Good, Doctor on Call  Power backup  Security  + 10 more,"India, Delhi",598.0,2278.0,73.0,Delhi,"India, ",3.9,5 Ratings,Good,Capital O,no,O 85598 Hotel Friend,no,no,no,no,no,no,no
58,58,OYO71162 Mayur Palace,₹699₹198164% offper room per nightView DetailsBook Now,3.5 (384 Ratings)·Good, Parking Facility  Reception  Free Wifi  + 12 more,"Near Shraddhanand College, Alipur, Delhi",699.0,1981.0,64.0,Delhi,"Near Shraddhanand College, Alipur, ",3.5,4 Ratings,Good,OYO,yes,Mayur Palace,yes,yes,yes,yes,yes,yes,yes
59,59,OYO 84491 Blue Diamond ,₹500₹208075% offper room per nightView DetailsBook Now,3.8 (302 Ratings)·Good, Hair Dryer  Reception  Ticket Tour Assistance  + 17 more,"Opp. Metro Pillar No. 102, Near Sai Baba Mandir, Adarsh Nagar, Delhi",500.0,2080.0,75.0,Delhi,"Opp. Metro Pillar No. 102, Near Sai Baba Mandir, Adarsh Nagar, ",3.8,2 Ratings,Good,OYO,no,84491 Blue Diamond,no,no,no,no,no,no,no
60,60,OYO 73324 Hotel Unwind,₹645₹216670% offper room per nightView DetailsBook Now,4.1 (238 Ratings)·Very Good, Private Entrance  Doctor on Call  Parking Facility  + 18 more,"Near Aman Vihar, Police Station, Pocket 5, Delhi",645.0,2166.0,70.0,Delhi,"Near Aman Vihar, Police Station, Pocket 5, ",4.1,8 Ratings,Very,OYO,no,73324 Hotel Unwind,no,no,no,no,no,no,no
61,61,OYO 80790 Hotel Jagatpuri Inn,₹1300₹253448% offper room per nightView DetailsBook Now,4.9 (787 Ratings)·Fabulous, AC  TV ,"Krishna Nagar, Delhi",1300.0,1300.0,48.0,Delhi,"Krishna Nagar, ",4.9,7 Ratings,Fabulous,OYO,no,80790 Hotel Jagatpuri Inn,no,no,no,no,no,no,no
62,62,OYO 40670 Hare Rama Guest House,₹625₹194767% offper room per nightView DetailsBook Now,4.1 (1207 Ratings)·Very Good, AC  TV  Mini Fridge  + 11 more,"Paharganj, Delhi",625.0,1947.0,67.0,Delhi,"Paharganj, ",4.1,7 Ratings,Very,OYO,no,40670 Hare Rama Guest House,no,no,no,no,no,no,no
63,63,Townhouse 963 Hotel The Victorian Palace,₹1216₹236348% offper room per nightView DetailsBook Now,NEW, Doctor on Call  Parking Facility  Reception  + 19 more,"Opposite Jain Mandir, Delhi",1216.0,1216.0,48.0,Delhi,"Opposite Jain Mandir, ",,,,Townhouse,no,963 Hotel The Victorian Palace,no,no,no,no,no,no,no
64,64,OYO 80899 Osho Inn,₹821₹273369% offper room per nightView DetailsBook Now,4.5 (332 Ratings)·Excellent, Parking Facility  Reception  Seating Area  + 14 more,"Qutab Vihar Goyla Dairy, Near Ram Laxmi Furniture",821.0,2733.0,69.0,Delhi,"Qutab Vihar Goyla Dairy, Near Ram Laxmi Furniture",4.5,2 Ratings,Excellent,OYO,no,80899 Osho Inn,no,no,no,no,no,no,no
65,65,OYO 70788 Days Inn Guest House,₹652₹208068% offper room per nightView DetailsBook Now,3.2 (159 Ratings)·Fair, Private Entrance  Reception  Free Wifi  + 10 more,"Plot No. 4, Main Road Haiderpur, Shalimar Road, Opp. Gali No. 2, Delhi-110088",652.0,2080.0,68.0,Delhi,"Plot No. 4, Main Road Haiderpur, Shalimar Road, Opp. Gali No. 2, -110088",3.2,9 Ratings,Fair,OYO,yes,70788 Days Inn Guest House,yes,yes,yes,yes,yes,yes,yes
66,66,Collection O 83549 Clark village,₹664₹242672% offper room per nightView DetailsBook Now,4.2 (50 Ratings)·Very Good, Reception  Free Wifi  Bedside Table / Desk  + 14 more,"North Delhi, Delhi",664.0,2426.0,72.0,Delhi,"North , ",4.2,0 Ratings,Very,Collection O,yes,O 83549 Clark village,yes,yes,yes,yes,yes,yes,yes
67,67,OYO Flagship 87033 Jps Advance,₹565₹190870% offper room per nightView DetailsBook Now,2.7 (49 Ratings)·Fair, Reception  Free Wifi  Caretaker  + 13 more,"India, Delhi",565.0,1908.0,70.0,Delhi,"India, ",2.7,9 Ratings,Fair,OYO,yes,Flagship 87033 Jps Advance,yes,yes,yes,yes,yes,yes,yes
68,68,OYO 80801 CUBE STAY,₹1014₹193147% offper room per nightView DetailsBook Now,4.6 (247 Ratings)·Excellent, Free Wifi  AC  TV  + 3 more,"New Delhi 110061, Delhi",1014.0,1014.0,47.0,Delhi,"New  110061, ",4.6,7 Ratings,Excellent,OYO,yes,80801 CUBE STAY,yes,yes,yes,yes,yes,yes,yes
69,69,Capital O 84215 The Chaitanya's,₹747₹236268% offper room per nightView DetailsBook Now,3.7 (204 Ratings)·Good, Reception  Free Wifi  Power backup  + 16 more,"Delhi, Delhi",747.0,2362.0,68.0,Delhi,", ",3.7,4 Ratings,Good,Capital O,yes,O 84215 The Chaitanya's,yes,yes,yes,yes,yes,yes,yes
70,70,OYO 84761 Midtown,₹695₹211167% offper room per nightView DetailsBook Now,4.4 (43 Ratings)·Very Good, Hair Dryer  Reception  Free Wifi  + 16 more,"near Babbar Jewellers, Delhi",695.0,2111.0,67.0,Delhi,"near Babbar Jewellers, ",4.4,3 Ratings,Very,OYO,yes,84761 Midtown,yes,yes,yes,yes,yes,yes,yes
71,71,OYO 70849 Hotel Sarvasa Residency,₹949₹223557% offper room per nightView DetailsBook Now,4.3 (1379 Ratings)·Very Good, Reception  Free Wifi  Power backup  + 10 more,"Near Axis Bank, Rohini, Delhi",949.0,2235.0,57.0,Delhi,"Near Axis Bank, Rohini, ",4.3,9 Ratings,Very,OYO,yes,70849 Hotel Sarvasa Residency,yes,yes,yes,yes,yes,yes,yes
72,72,OYO Townhouse 654 MANNAT ROHINI,₹1216₹231547% offper room per nightView DetailsBook Now,4.5 (749 Ratings)·Excellent, Reception  Ticket Tour Assistance  Caretaker  + 15 more,", Delhi",1216.0,1216.0,47.0,Delhi,", ",4.5,9 Ratings,Excellent,OYO,no,Townhouse 654 MANNAT ROHINI,no,no,no,no,no,no,no
73,73,OYO 70020 Hotel Geetanjali Inn ,₹541₹224075% offper room per nightView DetailsBook Now,2.6 (82 Ratings)·Fair, Reception  Free Wifi  Power backup  + 13 more,"Near RK Ashram Metro Station, Pahar Ganj, Delhi",541.0,2240.0,75.0,Delhi,"Near RK Ashram Metro Station, Pahar Ganj, ",2.6,2 Ratings,Fair,OYO,yes,70020 Hotel Geetanjali Inn,yes,yes,yes,yes,yes,yes,yes
74,74,OYO 45288 Hotel 2 Yaars,₹1014₹222154% offper room per nightView DetailsBook Now,4.5 (135 Ratings)·Excellent, Free Wifi  Geyser  Power backup  + 9 more,"Ghitorni, Delhi",1014.0,1014.0,54.0,Delhi,"Ghitorni, ",4.5,5 Ratings,Excellent,OYO,yes,45288 Hotel 2 Yaars,yes,yes,yes,yes,yes,yes,yes
75,75,OYO Flagship 39600 Sathguru Residency,₹699₹195864% offper room per nightView DetailsBook Now,4.7 (1950 Ratings)·Excellent, Reception  Free Wifi  Power backup  + 11 more,"Delhi, Delhi",699.0,1958.0,64.0,Delhi,", ",4.7,0 Ratings,Excellent,OYO,yes,Flagship 39600 Sathguru Residency,yes,yes,yes,yes,yes,yes,yes
76,76,SPOT ON 69054 Anchal Guest House ,₹365₹158777% offper room per nightView DetailsBook Now,3.3 (82 Ratings)·Fair, TV  Reception  Free Wifi  + 8 more,"Near New Delhi Railway Station, Delhi",365.0,1587.0,77.0,Delhi,"Near New  Railway Station, ",3.3,2 Ratings,Fair,SPOT ON,yes,ON 69054 Anchal Guest House,yes,yes,yes,yes,yes,yes,yes
77,77,OYO 84922 Hotel Good Will Inn,₹695₹208066% offper room per nightView DetailsBook Now,3.9 (127 Ratings)·Good, Reception  Free Wifi  Caretaker  + 12 more,"Delhi, Delhi",695.0,2080.0,66.0,Delhi,", ",3.9,7 Ratings,Good,OYO,yes,84922 Hotel Good Will Inn,yes,yes,yes,yes,yes,yes,yes
78,78,CAPITAL O 19133 Oak Tree,₹1546₹311350% offper room per nightView DetailsBook Now,4.7 (950 Ratings)·Excellent, Elevator  Free Wifi  Geyser  + 9 more,"Near Bhagat Chandra Hospital, Mahavir Enclave I, Delhi",1546.0,1546.0,50.0,Delhi,"Near Bhagat Chandra Hospital, Mahavir Enclave I, ",4.7,0 Ratings,Excellent,,yes,O 19133 Oak Tree,yes,yes,yes,yes,yes,yes,yes
79,79,Capital O 85009 The Arrow,₹1014₹270762% offper room per nightView DetailsBook Now,4.5 (604 Ratings)·Excellent, Parking Facility  Reception  Free Wifi  + 17 more,"Near Nawada metro station, Opposite pillar 744, Delhi",1014.0,1014.0,62.0,Delhi,"Near Nawada metro station, Opposite pillar 744, ",4.5,4 Ratings,Excellent,Capital O,yes,O 85009 The Arrow,yes,yes,yes,yes,yes,yes,yes
80,80,OYO 64076 Discovery Inn,₹514₹225877% offper room per nightView DetailsBook Now,3.3 (399 Ratings)·Fair, Reception  Free Wifi  Power backup  + 10 more,"Near Metro Station, Eastend Apartments, New Ashok Nagar, Delhi",514.0,2258.0,77.0,Delhi,"Near Metro Station, Eastend Apartments, New Ashok Nagar, ",3.3,9 Ratings,Fair,OYO,yes,64076 Discovery Inn,yes,yes,yes,yes,yes,yes,yes
81,81,OYO 471 Sehej Continental,₹1478₹281547% offper room per nightView DetailsBook Now,4.8 (1177 Ratings)·Excellent, AC  AC  TV  + 3 more,"DB GUPTA ROAD KAROLBAGH, Delhi",1478.0,1478.0,47.0,Delhi,"DB GUPTA ROAD KAROLBAGH, ",4.8,7 Ratings,Excellent,OYO,no,471 Sehej Continental,no,no,no,no,no,no,no
82,82,OYO Flagship 78740 Tushika Residency,₹565₹153863% offper room per nightView DetailsBook Now,3.1 (218 Ratings)·Fair, Doctor on Call  Reception  Caretaker  + 12 more,"India, Delhi",565.0,1538.0,63.0,Delhi,"India, ",3.1,8 Ratings,Fair,OYO,no,Flagship 78740 Tushika Residency,no,no,no,no,no,no,no
83,83,Collection O 82480 Galaxy Motel,₹664₹233971% offper room per nightView DetailsBook Now,4.3 (211 Ratings)·Very Good, Free Wifi  AC  TV  + 2 more,"masudpur vasant kunj new delhi , Delhi",664.0,2339.0,71.0,Delhi,"masudpur vasant kunj new delhi , ",4.3,1 Ratings,Very,Collection O,yes,O 82480 Galaxy Motel,yes,yes,yes,yes,yes,yes,yes
84,84,Collection O 69662 Hotel Yuvraj,₹740₹233968% offper room per nightView DetailsBook Now,3.5 (162 Ratings)·Good, Reception  Free Wifi  Power backup  + 6 more,"Gali no. 2, Qutub Vihar, near Goyla Dairy, Dwarka",740.0,2339.0,68.0,Delhi,"Gali no. 2, Qutub Vihar, near Goyla Dairy, Dwarka",3.5,2 Ratings,Good,Collection O,yes,O 69662 Hotel Yuvraj,yes,yes,yes,yes,yes,yes,yes
85,85,OYO 81701 Dream sky,₹500₹148566% offper room per nightView DetailsBook Now,2.8 (302 Ratings)·Fair, Hair Dryer  Reception  Free Wifi  + 21 more,"Near New Ashok Nagar metro station Delhi, Delhi",500.0,1485.0,66.0,Delhi,"Near New Ashok Nagar metro station , ",2.8,2 Ratings,Fair,OYO,yes,81701 Dream sky,yes,yes,yes,yes,yes,yes,yes
86,86,OYO 45956 Hotel Woodland Dx,₹713₹172458% offper room per nightView DetailsBook Now,4.2 (200 Ratings)·Very Good, Reception  Power backup  Daily Housekeeping  + 47 more,"Near New Delhi Railway Station, Delhi",713.0,1724.0,58.0,Delhi,"Near New  Railway Station, ",4.2,0 Ratings,Very,OYO,no,45956 Hotel Woodland Dx,no,no,no,no,no,no,no
87,87,Townhouse 712 Sector 24 Rohini,₹775₹270971% offper room per nightView DetailsBook Now,3.2 (219 Ratings)·Fair, Reception  Free Wifi  Power backup  + 12 more,"Near Rithala Metro and JIMS , Sector 24, Rohini",775.0,2709.0,71.0,Delhi,"Near Rithala Metro and JIMS , Sector 24, Rohini",3.2,9 Ratings,Fair,Townhouse,yes,712 Sector 24 Rohini,yes,yes,yes,yes,yes,yes,yes
88,88,OYO 86477 Z-Heart,₹868₹200756% offper room per nightView DetailsBook Now,4.7 (4 Ratings)·Excellent, Elevator  Free Wifi  Geyser  + 7 more,"New Delhi, Delhi",868.0,2007.0,56.0,Delhi,"New , ",4.7,4 Ratings,Excellent,OYO,yes,86477 Z-Heart,yes,yes,yes,yes,yes,yes,yes
89,89,OYO 84801 Narela Inn,₹500₹208075% offper room per nightView DetailsBook Now,1.6 (13 Ratings)·Fair, Reception  Public Washroom  Power backup  + 27 more,"North Delhi, Delhi",500.0,2080.0,75.0,Delhi,"North , ",1.6,3 Ratings,Fair,OYO,no,84801 Narela Inn,no,no,no,no,no,no,no
90,90,OYO 88326 Hotel Cloud 9,₹791₹196759% offper room per nightView DetailsBook Now,4.6 (27 Ratings)·Excellent, Reception  Geyser  Bedside Table / Desk  + 9 more,"Delhi, Delhi",791.0,1967.0,59.0,Delhi,", ",4.6,7 Ratings,Excellent,OYO,no,88326 Hotel Cloud 9,no,no,no,no,no,no,no
91,91,OYO 6886 Hotel Gold Palace,₹759₹228766% offper room per nightView DetailsBook Now,2.4 (19 Ratings)·Fair, Elevator  Free Wifi  Geyser  + 8 more,"Near Faiz Road, Karol Bagh, Delhi",759.0,2287.0,66.0,Delhi,"Near Faiz Road, Karol Bagh, ",2.4,9 Ratings,Fair,OYO,yes,6886 Hotel Gold Palace,yes,yes,yes,yes,yes,yes,yes
92,92,OYO 6801 Hotel Shri Sai International,₹1247₹312860% offper room per nightView DetailsBook Now,4.7 (1558 Ratings)·Excellent, Free Wifi  CCTV Cameras  TV  + 3 more,"Paharganj, Delhi",1247.0,1247.0,60.0,Delhi,"Paharganj, ",4.7,8 Ratings,Excellent,OYO,yes,6801 Hotel Shri Sai International,yes,yes,yes,yes,yes,yes,yes
93,93,OYO 80919 Hotel Vinayaka Inn,₹541₹224075% offper room per nightView DetailsBook Now,3.3 (15 Ratings)·Fair, Doctor on Call  Reception  Ticket Tour Assistance  + 24 more,"8881Multani Dhanda, Delhi",541.0,2240.0,75.0,Delhi,"8881Multani Dhanda, ",3.3,5 Ratings,Fair,OYO,no,80919 Hotel Vinayaka Inn,no,no,no,no,no,no,no
94,94,OYO 5401 Hotel Mid Town,₹1261₹242648% offper room per nightView DetailsBook Now,3.8 (329 Ratings)·Good, Free Wifi  Geyser  Power backup  + 6 more,Near Karol bagh metro station,1261.0,1261.0,48.0,Delhi,Near Karol bagh metro station,3.8,9 Ratings,Good,OYO,yes,5401 Hotel Mid Town,yes,yes,yes,yes,yes,yes,yes
95,95,OYO 86607 Hotel Mayur ,₹799₹176254% offper room per nightView DetailsBook Now,3.9 (138 Ratings)·Good, Hair Dryer  Reception  Free Wifi  + 16 more,"India - 110033, Delhi",799.0,1762.0,54.0,Delhi,"India - 110033, ",3.9,8 Ratings,Good,OYO,yes,86607 Hotel Mayur,yes,yes,yes,yes,yes,yes,yes
96,96,SPOT ON 40693 Chahal Guest House,₹549₹111550% offper room per nightView DetailsBook Now,3.4 (1284 Ratings)·Fair, AC  Parking Facility  Reception  + 9 more,"Near Beside Sonia Hospital, Rajdhani Park, Delhi",549.0,1115.0,50.0,Delhi,"Near Beside Sonia Hospital, Rajdhani Park, ",3.4,4 Ratings,Fair,SPOT ON,no,ON 40693 Chahal Guest House,no,no,no,no,no,no,no
97,97,OYO 79029 Jannat Residency,₹713₹207665% offper room per nightView DetailsBook Now,3.7 (225 Ratings)·Good, Reception  Free Wifi  24/7 Checkin  + 10 more,"Nangloi, Delhi",713.0,2076.0,65.0,Delhi,"Nangloi, ",3.7,5 Ratings,Good,OYO,yes,79029 Jannat Residency,yes,yes,yes,yes,yes,yes,yes
98,98,OYO 337 Hotel Anand,₹1014₹251459% offper room per nightView DetailsBook Now,4.5 (3127 Ratings)·Excellent, Elevator  Free Wifi  Power backup  + 5 more,Near Karol Bagh Metro Station,1014.0,1014.0,59.0,Delhi,Near Karol Bagh Metro Station,4.5,7 Ratings,Excellent,OYO,yes,337 Hotel Anand,yes,yes,yes,yes,yes,yes,yes
99,99,Collection O 84003 Hotel Chopra International,₹899₹176148% offper room per nightView DetailsBook Now,4.4 (423 Ratings)·Very Good, Reception  Ticket Tour Assistance  Free Wifi  + 15 more,"near New Delhi Railway Station and RK Ashram Metro Station, Delhi",899.0,1761.0,48.0,Delhi,"near New  Railway Station and RK Ashram Metro Station, ",4.4,3 Ratings,Very,Collection O,yes,O 84003 Hotel Chopra International,yes,yes,yes,yes,yes,yes,yes
100,100,OYO 88548 Hotel Red Heart,₹636₹160060% offper room per nightView DetailsBook Now,4.3 (12 Ratings)·Very Good, Free Wifi  Geyser  CCTV Cameras  + 5 more,"khasra no 48 main budh bazar road nathupura  near 30 Foota Delhi, Delhi",636.0,1600.0,60.0,Delhi,"khasra no 48 main budh bazar road nathupura  near 30 Foota , ",4.3,2 Ratings,Very,OYO,yes,88548 Hotel Red Heart,yes,yes,yes,yes,yes,yes,yes
101,101,OYO Flagship 75860 Green High,₹1372₹261447% offper room per nightView DetailsBook Now,4.5 (1311 Ratings)·Excellent, Hair Dryer  Free Wifi  Power backup  + 7 more,"NEAR FRUIT POWER, Laxmi Nagar Metro Station, Delhi",1372.0,1372.0,47.0,Delhi,"NEAR FRUIT POWER, Laxmi Nagar Metro Station, ",4.5,1 Ratings,Excellent,OYO,yes,Flagship 75860 Green High,yes,yes,yes,yes,yes,yes,yes
102,102,Townhouse 775 Hotel Casanova,₹807₹167251% offper room per nightView DetailsBook Now,2.3 (84 Ratings)·Fair, Parking Facility  Reception  Free Wifi  + 21 more,"Rajouri Garden Tehsil, Delhi",807.0,1672.0,51.0,Delhi,"Rajouri Garden Tehsil, ",2.3,4 Ratings,Fair,Townhouse,yes,775 Hotel Casanova,yes,yes,yes,yes,yes,yes,yes
103,103,OYO 77732 Khanpur STAY,₹565₹179068% offper room per nightView DetailsBook Now,3.4 (804 Ratings)·Fair, AC  King Sized Bed  Modern Wardrobe  + 1 more,"India, Delhi",565.0,1790.0,68.0,Delhi,"India, ",3.4,4 Ratings,Fair,OYO,no,77732 Khanpur STAY,no,no,no,no,no,no,no
104,104,OYO 76751 Classic Inn,₹514₹208075% offper room per nightView DetailsBook Now,3.2 (101 Ratings)·Fair, Reception  Caretaker  Security  + 11 more,"Near Divine Hospital, Gali no 12 wazirabad Jagatpur Road",514.0,2080.0,75.0,Delhi,"Near Divine Hospital, Gali no 12 wazirabad Jagatpur Road",3.2,1 Ratings,Fair,OYO,no,76751 Classic Inn,no,no,no,no,no,no,no
105,105, Townhouse  478 The Grey Orchid,₹1612₹306947% offper room per nightView DetailsBook Now,4.6 (977 Ratings)·Excellent, Hair Dryer  AC  TV  + 3 more,Palam colony ram chowk main market opposite pillar number 57,1612.0,1612.0,47.0,Delhi,Palam colony ram chowk main market opposite pillar number 57,4.6,7 Ratings,Excellent,Townhouse,no,478 The Grey Orchid,no,no,no,no,no,no,no
106,106,Townhouse 856 BROSTAY Vasant Kunj,₹1216₹231547% offper room per nightView DetailsBook Now,4.7 (211 Ratings)·Excellent, Reception  Ticket Tour Assistance  Caretaker  + 22 more,"vasant kunj delhi, Delhi",1216.0,1216.0,47.0,Delhi,"vasant kunj delhi, ",4.7,1 Ratings,Excellent,Townhouse,no,856 BROSTAY Vasant Kunj,no,no,no,no,no,no,no
107,107,OYO 46441 1 Plus One Hotel Residency,₹541₹214474% offper room per nightView DetailsBook Now,3.2 (184 Ratings)·Fair, Parking Facility  Elevator  Reception  + 8 more,"Matiala Extension, Sukh Ram Park, Matiala, Delhi",541.0,2144.0,74.0,Delhi,"Matiala Extension, Sukh Ram Park, Matiala, ",3.2,4 Ratings,Fair,OYO,no,46441 1 Plus One Hotel Residency,no,no,no,no,no,no,no
108,108,Collection O 42944 Garg Trade Centre Sector 11,₹808₹304673% offper room per nightView DetailsBook Now,4.1 (877 Ratings)·Very Good, Parking Facility  Free Wifi  Power backup  + 8 more,"Near Garg Trade Centre Anusha Tower , Sector 16, Delhi",808.0,3046.0,73.0,Delhi,"Near Garg Trade Centre Anusha Tower , Sector 16, ",4.1,7 Ratings,Very,Collection O,yes,O 42944 Garg Trade Centre Sector 11,yes,yes,yes,yes,yes,yes,yes
109,109,OYO DEL2869 Unique International,₹1000₹284364% offper room per nightView DetailsBook Now,4.6 (1023 Ratings)·Excellent, Reception  Public Washroom  Free Wifi  + 16 more,"India, Delhi",1000.0,1000.0,64.0,Delhi,"India, ",4.6,3 Ratings,Excellent,OYO,yes,DEL2869 Unique International,yes,yes,yes,yes,yes,yes,yes
110,110,OYO 85103 Relax Residence Hotel ,₹625₹221171% offper room per nightView DetailsBook Now,3.4 (116 Ratings)·Fair, Reception  Free Wifi  Geyser  + 9 more,", Delhi",625.0,2211.0,71.0,Delhi,", ",3.4,6 Ratings,Fair,OYO,yes,85103 Relax Residence Hotel,yes,yes,yes,yes,yes,yes,yes
111,111,Capital O 84658 Hotel Moonlight Inn,₹811₹252767% offper room per nightView DetailsBook Now,3.9 (32 Ratings)·Good, Reception  Geyser  Power backup  + 9 more,"Rohini, Delhi",811.0,2527.0,67.0,Delhi,"Rohini, ",3.9,2 Ratings,Good,Capital O,no,O 84658 Hotel Moonlight Inn,no,no,no,no,no,no,no
112,112,OYO 80879 Townhouse 421 Kirti Nagar Oth,₹994₹189447% offper room per nightView DetailsBook Now,4.3 (203 Ratings)·Very Good, Hair Dryer  AC  TV  + 1 more,"Kirti Nagar, Delhi",994.0,1894.0,47.0,Delhi,"Kirti Nagar, ",4.3,3 Ratings,Very,OYO,no,80879 Townhouse 421 Kirti Nagar Oth,no,no,no,no,no,no,no
113,113,OYO Comfort Home,₹899₹181850% offper room per nightView DetailsBook Now,4.7 (672 Ratings)·Excellent, Free Wifi  CCTV Cameras  AC  + 4 more,"Lajpat Nagar II, Delhi",899.0,1818.0,50.0,Delhi,"Lajpat Nagar II, ",4.7,2 Ratings,Excellent,OYO,yes,Comfort Home,yes,yes,yes,yes,yes,yes,yes
114,114,Capital O 88320 Hotel Grand Stays,₹985₹220655% offper room per nightView DetailsBook Now,NEW, Reception  Ticket Tour Assistance  Caretaker  + 16 more,"Delhi, Delhi",985.0,2206.0,55.0,Delhi,", ",,,,Capital O,no,O 88320 Hotel Grand Stays,no,no,no,no,no,no,no
115,115,Townhouse 899 Hotel Singh,₹715₹210165% offper room per nightView DetailsBook Now,3.1 (8 Ratings)·Fair, Reception  Ticket Tour Assistance  Public Washroom  + 32 more,"India, Delhi",715.0,2101.0,65.0,Delhi,"India, ",3.1,8 Ratings,Fair,Townhouse,no,899 Hotel Singh,no,no,no,no,no,no,no
116,116,OYO 463 Hotel Metro View Inn,₹1340₹258448% offper room per nightView DetailsBook Now,4.2 (797 Ratings)·Very Good, Free Wifi  Power backup  Card Payment  + 11 more,"Near hotel jaypee, patel nagar, Delhi",1340.0,1340.0,48.0,Delhi,"Near hotel jaypee, patel nagar, ",4.2,7 Ratings,Very,OYO,yes,463 Hotel Metro View Inn,yes,yes,yes,yes,yes,yes,yes
117,117,OYO 81379 Collection O Hotel Green Plaza,₹1014₹349370% offper room per nightView DetailsBook Now,4.2 (853 Ratings)·Very Good, Private Entrance  Free Wifi  Power backup  + 6 more,"near Lal batti, Delhi",1014.0,1014.0,70.0,Delhi,"near Lal batti, ",4.2,3 Ratings,Very,OYO,yes,81379 Collection O Hotel Green Plaza,yes,yes,yes,yes,yes,yes,yes
118,118,OYO Townhouse 811 The Leaf Residency,₹715₹293975% offper room per nightView DetailsBook Now,4.0 (155 Ratings)·Very Good, Parking Facility  Reception  Caretaker  + 19 more,"India, Delhi",715.0,2939.0,75.0,Delhi,"India, ",4.0,5 Ratings,Very,OYO,no,Townhouse 811 The Leaf Residency,no,no,no,no,no,no,no
119,119,POP 88630 Shiv Rattan Kutir,₹541₹119754% offper room per nightView DetailsBook Now,NEW, Free Wifi  Geyser  CCTV Cameras  + 4 more,"India, Delhi",541.0,1197.0,54.0,Delhi,"India, ",,,,,yes,88630 Shiv Rattan Kutir,yes,yes,yes,yes,yes,yes,yes
120,120,OYO Townhouse  409 Brostay Meera Bagh,₹994₹241658% offper room per nightView DetailsBook Now,4.4 (1639 Ratings)·Very Good, Reception  Free Wifi  Power backup  + 5 more,"A-342, Meera Bagh, Paschim Vihar, Delhi",994.0,2416.0,58.0,Delhi,"A-342, Meera Bagh, Paschim Vihar, ",4.4,9 Ratings,Very,OYO,yes,Townhouse 409 Brostay Meera Bagh,yes,yes,yes,yes,yes,yes,yes
121,121,OYO Townhouse 604 The Royal Galaxy,₹1482₹298450% offper room per nightView DetailsBook Now,3.5 (298 Ratings)·Good, Parking Facility  Free Wifi  AC  + 11 more,"Plot 2,Sec-12B,Opposite Metro Station Sec-12,Dwarka,New Delhi",1482.0,1482.0,50.0,Delhi,"Plot 2,Sec-12B,Opposite Metro Station Sec-12,Dwarka,New ",3.5,8 Ratings,Good,OYO,yes,Townhouse 604 The Royal Galaxy,yes,yes,yes,yes,yes,yes,yes
122,122,OYO 86200 Sahil Residency,₹541₹192071% offper room per nightView DetailsBook Now,3.8 (61 Ratings)·Good, Doctor on Call  Parking Facility  Reception  + 17 more,"Road Number 77, Delhi",541.0,1920.0,71.0,Delhi,"Road Number 77, ",3.8,1 Ratings,Good,OYO,no,86200 Sahil Residency,no,no,no,no,no,no,no
123,123,OYO 69968 Trish Inn ,₹1014₹217853% offper room per nightView DetailsBook Now,3.6 (119 Ratings)·Good, AC  TV ,"Opposite max hospital, Delhi",1014.0,1014.0,53.0,Delhi,"Opposite max hospital, ",3.6,9 Ratings,Good,OYO,no,69968 Trish Inn,no,no,no,no,no,no,no
124,124,Townhouse 868 Grand Pacific Ocean,₹961₹203252% offper room per nightView DetailsBook Now,4.5 (1024 Ratings)·Excellent, Parking Facility  Reception  Free Wifi  + 18 more,"WZ-3 Opp Pillor no 322 Moti Nagar Delhi 110051, Delhi",961.0,2032.0,52.0,Delhi,"WZ-3 Opp Pillor no 322 Moti Nagar  110051, ",4.5,4 Ratings,Excellent,Townhouse,yes,868 Grand Pacific Ocean,yes,yes,yes,yes,yes,yes,yes
125,125,CAPITAL O 88560 The Vegas,₹647₹154158% offper room per nightView DetailsBook Now,3.5 (14 Ratings)·Good, Elevator  Free Wifi  Geyser  + 6 more,"g.39 ramphal chwok Dwarka sec.7, Delhi",647.0,1541.0,58.0,Delhi,"g.39 ramphal chwok Dwarka sec.7, ",3.5,4 Ratings,Good,,yes,O 88560 The Vegas,yes,yes,yes,yes,yes,yes,yes
126,126,SPOT ON 39899 Shyam Palace,₹499₹135263% offper room per nightView DetailsBook Now,4.1 (670 Ratings)·Very Good, AC  Reception  TV  + 8 more,"Near R K Ashram Metro Station, Pahar Ganj, Delhi",499.0,1352.0,63.0,Delhi,"Near R K Ashram Metro Station, Pahar Ganj, ",4.1,0 Ratings,Very,SPOT ON,no,ON 39899 Shyam Palace,no,no,no,no,no,no,no
127,127,OYO 81119 Hotel Prince,₹541₹139161% offper room per nightView DetailsBook Now,3.6 (211 Ratings)·Good, Hair Dryer  Parking Facility  Reception  + 20 more,"Delhi , Delhi",541.0,1391.0,61.0,Delhi," , ",3.6,1 Ratings,Good,OYO,no,81119 Hotel Prince,no,no,no,no,no,no,no
128,128,OYO 65163 Mahalaxmi Deluxe,₹562₹187269% offper room per nightView DetailsBook Now,3.9 (46 Ratings)·Good, Reception  Free Wifi  24/7 Checkin  + 10 more,"2682, Street No.8, Chuna Mandi, Paharganj, New Delhi-110055",562.0,1872.0,69.0,Delhi,"2682, Street No.8, Chuna Mandi, Paharganj, New -110055",3.9,6 Ratings,Good,OYO,yes,65163 Mahalaxmi Deluxe,yes,yes,yes,yes,yes,yes,yes
129,129,Capital O 86909 Hotel Cozy Inn,₹811₹253668% offper room per nightView DetailsBook Now,4.1 (52 Ratings)·Very Good, Parking Facility  Reception  Free Wifi  + 19 more,"Ram Murthi Pasi Marg, Sector 11, Rohini, Alipur Tehsil, Delhi",811.0,2536.0,68.0,Delhi,"Ram Murthi Pasi Marg, Sector 11, Rohini, Alipur Tehsil, ",4.1,2 Ratings,Very,Capital O,yes,O 86909 Hotel Cozy Inn,yes,yes,yes,yes,yes,yes,yes
130,130,OYO 87627 Delight Stay ,₹592₹199770% offper room per nightView DetailsBook Now,4.1 (36 Ratings)·Very Good, Reception  Ticket Tour Assistance  Free Wifi  + 17 more,"India, Delhi",592.0,1997.0,70.0,Delhi,"India, ",4.1,6 Ratings,Very,OYO,yes,87627 Delight Stay,yes,yes,yes,yes,yes,yes,yes
131,131,OYO 78525 Indian Residency,₹657₹202167% offper room per nightView DetailsBook Now,3.9 (407 Ratings)·Good, Parking Facility  Free Wifi  CCTV Cameras  + 6 more,"Above Canara Bank Lajpat Nagar Part-2, Delhi",657.0,2021.0,67.0,Delhi,"Above Canara Bank Lajpat Nagar Part-2, ",3.9,7 Ratings,Good,OYO,yes,78525 Indian Residency,yes,yes,yes,yes,yes,yes,yes
132,132,Capital O 70301 Rohil Residency,₹792₹319075% offper room per nightView DetailsBook Now,3.3 (1837 Ratings)·Fair, Parking Facility  Reception  Free Wifi  + 17 more,"Near rithala metro station, Pehladpur Bangar, Delhi",792.0,3190.0,75.0,Delhi,"Near rithala metro station, Pehladpur Bangar, ",3.3,7 Ratings,Fair,Capital O,yes,O 70301 Rohil Residency,yes,yes,yes,yes,yes,yes,yes
133,133,OYO 29435 Park Inn,₹1318₹376364% offper room per nightView DetailsBook Now,3.7 (113 Ratings)·Good, Parking Facility  Reception  Free Wifi  + 17 more,"Near Bus Stop, Chittaranjan Park, Delhi",1318.0,1318.0,64.0,Delhi,"Near Bus Stop, Chittaranjan Park, ",3.7,3 Ratings,Good,OYO,yes,29435 Park Inn,yes,yes,yes,yes,yes,yes,yes
134,134,OYO Townhouse 286 Vaishali Dakshini Pitampura,₹1807₹355249% offper room per nightView DetailsBook Now,3.8 (2487 Ratings)·Good, Parking Facility  Private Entrance  Reception  + 12 more,"Near Pitampura Metro Station, Delhi",1807.0,1807.0,49.0,Delhi,"Near Pitampura Metro Station, ",3.8,7 Ratings,Good,OYO,no,Townhouse 286 Vaishali Dakshini Pitampura,no,no,no,no,no,no,no
135,135,Collection O 87188 Hotel Grand International,₹691₹192964% offper room per nightView DetailsBook Now,2.9 (137 Ratings)·Fair, Reception  Ticket Tour Assistance  Caretaker  + 18 more,"India, Delhi",691.0,1929.0,64.0,Delhi,"India, ",2.9,7 Ratings,Fair,Collection O,no,O 87188 Hotel Grand International,no,no,no,no,no,no,no
136,136,OYO 24677 Tashkent,₹783₹225365% offper room per nightView DetailsBook Now,3.8 (2352 Ratings)·Good, Free Wifi  Power backup  TV  + 14 more,"Paharganj, Delhi",783.0,2253.0,65.0,Delhi,"Paharganj, ",3.8,2 Ratings,Good,OYO,yes,24677 Tashkent,yes,yes,yes,yes,yes,yes,yes
137,137,OYO 69987 The Cozy Inn,₹546₹202873% offper room per nightView DetailsBook Now,3.7 (568 Ratings)·Good, Reception  Free Wifi  CCTV Cameras  + 6 more,"Near Haiderpur Metro Station, Auchandi Road, Delhi",546.0,2028.0,73.0,Delhi,"Near Haiderpur Metro Station, Auchandi Road, ",3.7,8 Ratings,Good,OYO,yes,69987 The Cozy Inn,yes,yes,yes,yes,yes,yes,yes
138,138,OYO Townhouse 475 Nangal Raya Pankha Road,₹1786₹340147% offper room per nightView DetailsBook Now,4.1 (2088 Ratings)·Very Good, Reception  Free Wifi  Power backup  + 9 more,"Near EASYDAY, Gandhi Market, Delhi",1786.0,1786.0,47.0,Delhi,"Near EASYDAY, Gandhi Market, ",4.1,8 Ratings,Very,OYO,yes,Townhouse 475 Nangal Raya Pankha Road,yes,yes,yes,yes,yes,yes,yes
139,139,OYO 35359 Hotel Victoria Dx,₹713₹238870% offper room per nightView DetailsBook Now,3.2 (139 Ratings)·Fair, AC  TV  Queen Sized Bed  + 3 more,"Near New Delhi Railway Station, Delhi",713.0,2388.0,70.0,Delhi,"Near New  Railway Station, ",3.2,9 Ratings,Fair,OYO,no,35359 Hotel Victoria Dx,no,no,no,no,no,no,no
140,140,OYO 84596 Hotel North Campus,₹949₹224657% offper room per nightView DetailsBook Now,2.5 (75 Ratings)·Fair, Hair Dryer  Reception  Free Wifi  + 16 more,"Delhi, Delhi",949.0,2246.0,57.0,Delhi,", ",2.5,5 Ratings,Fair,OYO,yes,84596 Hotel North Campus,yes,yes,yes,yes,yes,yes,yes
141,141,OYO Flagship 80575 Kashish Residency,₹699₹350480% offper room per nightView DetailsBook Now,2.9 (381 Ratings)·Fair, Private Entrance  Reception  Power backup  + 26 more,"Ashok Vihar-3, Delhi",699.0,3504.0,80.0,Delhi,"Ashok Vihar-3, ",2.9,1 Ratings,Fair,OYO,no,Flagship 80575 Kashish Residency,no,no,no,no,no,no,no
142,142,OYO 9726 Hotel Aura Palace Deluxe,₹910₹217458% offper room per nightView DetailsBook Now,4.4 (1833 Ratings)·Very Good, AC  TV ,"Pahar Ganj, Delhi",910.0,2174.0,58.0,Delhi,"Pahar Ganj, ",4.4,3 Ratings,Very,OYO,no,9726 Hotel Aura Palace Deluxe,no,no,no,no,no,no,no
143,143,OYO 75287 Pubg Residency ,₹696₹224068% offper room per nightView DetailsBook Now,3.8 (959 Ratings)·Good, Extra Mattress Possible  AC  TV  + 2 more,"Near Reliance Fresh, Mayur Vihar Phase 1, Delhi",696.0,2240.0,68.0,Delhi,"Near Reliance Fresh, Mayur Vihar Phase 1, ",3.8,9 Ratings,Good,OYO,no,75287 Pubg Residency,no,no,no,no,no,no,no
144,144,OYO 78699 Hotel Klick International,₹920₹192352% offper room per nightView DetailsBook Now,3.3 (44 Ratings)·Fair, Elevator  Free Wifi  Geyser  + 7 more,", Delhi",920.0,1923.0,52.0,Delhi,", ",3.3,4 Ratings,Fair,OYO,yes,78699 Hotel Klick International,yes,yes,yes,yes,yes,yes,yes
145,145,OYO 6467 Kochar Plaza,₹899₹241262% offper room per nightView DetailsBook Now,4.4 (1794 Ratings)·Very Good, Parking Facility  Free Wifi  Power backup  + 16 more,"Near Liberty Cinema, New Rohtak Rd, Delhi",899.0,2412.0,62.0,Delhi,"Near Liberty Cinema, New Rohtak Rd, ",4.4,4 Ratings,Very,OYO,yes,6467 Kochar Plaza,yes,yes,yes,yes,yes,yes,yes
146,146,Capital O 85988 Dwarka Metro View,₹747₹241969% offper room per nightView DetailsBook Now,3.5 (93 Ratings)·Good, Reception  Ticket Tour Assistance  Caretaker  + 28 more,"delhi , Delhi",747.0,2419.0,69.0,Delhi,"delhi , ",3.5,3 Ratings,Good,Capital O,no,O 85988 Dwarka Metro View,no,no,no,no,no,no,no
147,147,Collection O 77161 Shalimar Bagh,₹899₹304770% offper room per nightView DetailsBook Now,3.7 (1532 Ratings)·Good, Free Wifi  AC  TV ,"Shalimar Village., Delhi",899.0,3047.0,70.0,Delhi,"Shalimar Village., ",3.7,2 Ratings,Good,Collection O,yes,O 77161 Shalimar Bagh,yes,yes,yes,yes,yes,yes,yes
148,148,OYO 84730 Z-heart,₹695₹193864% offper room per nightView DetailsBook Now,4.3 (11 Ratings)·Very Good, Elevator  Free Wifi  Geyser  + 7 more,"D-28 vishwakarma colony pul  delhi 110044, Delhi",695.0,1938.0,64.0,Delhi,"D-28 vishwakarma colony pul  delhi 110044, ",4.3,1 Ratings,Very,OYO,yes,84730 Z-heart,yes,yes,yes,yes,yes,yes,yes
149,149,OYO 2064 Hotel The Spot,₹688₹208066% offper room per nightView DetailsBook Now,4.3 (1469 Ratings)·Very Good, Free Wifi  Power backup  Card Payment  + 12 more,"New Delhi , Delhi",688.0,2080.0,66.0,Delhi,"New  , ",4.3,9 Ratings,Very,OYO,yes,2064 Hotel The Spot,yes,yes,yes,yes,yes,yes,yes
150,150,OYO 77731 DEL1488 Hmoca,₹675₹179362% offper room per nightView DetailsBook Now,3.6 (947 Ratings)·Good, Free Wifi  CCTV Cameras  AC  + 6 more,"KHANPUR, Delhi",675.0,1793.0,62.0,Delhi,"KHANPUR, ",3.6,7 Ratings,Good,OYO,yes,77731 DEL1488 Hmoca,yes,yes,yes,yes,yes,yes,yes
151,151,OYO 16978 Hotel Sterling Inn,₹1335₹254247% offper room per nightView DetailsBook Now,4.7 (1773 Ratings)·Excellent, Reception  Free Wifi  Power backup  + 12 more,"Paharganj, Delhi",1335.0,1335.0,47.0,Delhi,"Paharganj, ",4.7,3 Ratings,Excellent,OYO,yes,16978 Hotel Sterling Inn,yes,yes,yes,yes,yes,yes,yes
152,152,OYO 15835 Hotel City Palace,₹699₹208066% offper room per nightView DetailsBook Now,4.1 (277 Ratings)·Very Good, Free Wifi  Power backup  AC  + 6 more,"Near New Delhi Railway Station, Delhi",699.0,2080.0,66.0,Delhi,"Near New  Railway Station, ",4.1,7 Ratings,Very,OYO,yes,15835 Hotel City Palace,yes,yes,yes,yes,yes,yes,yes
153,153,Collection O 79356 Mahavir Enclave,₹576₹228774% offper room per nightView DetailsBook Now,4.2 (1064 Ratings)·Very Good, Free Wifi  Geyser  AC  + 2 more,"dwarka, Delhi",576.0,2287.0,74.0,Delhi,"dwarka, ",4.2,4 Ratings,Very,Collection O,yes,O 79356 Mahavir Enclave,yes,yes,yes,yes,yes,yes,yes
154,154,OYO 81569 The Red Rose Inn,₹500₹208976% offper room per nightView DetailsBook Now,2.9 (142 Ratings)·Fair, Reception  Ticket Tour Assistance  Caretaker  + 10 more,"India, Delhi",500.0,2089.0,76.0,Delhi,"India, ",2.9,2 Ratings,Fair,OYO,no,81569 The Red Rose Inn,no,no,no,no,no,no,no
155,155,OYO 24436 Ramji 7 Grand,₹921₹208055% offper room per nightView DetailsBook Now,4.1 (515 Ratings)·Very Good, Reception  Free Wifi  Power backup  + 16 more,"Near Kirti Nagar Metro Station, Delhi",921.0,2080.0,55.0,Delhi,"Near Kirti Nagar Metro Station, ",4.1,5 Ratings,Very,OYO,yes,24436 Ramji 7 Grand,yes,yes,yes,yes,yes,yes,yes
156,156,Capital O 43002 Grand Bella,₹1420₹270547% offper room per nightView DetailsBook Now,4.1 (68 Ratings)·Very Good, Reception  Free Wifi  Power backup  + 13 more,"Near Bus Stop, Chittaranjan Park, Delhi",1420.0,1420.0,47.0,Delhi,"Near Bus Stop, Chittaranjan Park, ",4.1,8 Ratings,Very,Capital O,yes,O 43002 Grand Bella,yes,yes,yes,yes,yes,yes,yes
157,157,OYO 87965 Padam Residency By Meet You There,₹625₹221271% offper room per nightView DetailsBook Now,4.2 (42 Ratings)·Very Good, Hair Dryer  Reception  Free Wifi  + 15 more,"Main Market Shakarpur, Delhi",625.0,2212.0,71.0,Delhi,"Main Market Shakarpur, ",4.2,2 Ratings,Very,OYO,yes,87965 Padam Residency By Meet You There,yes,yes,yes,yes,yes,yes,yes
158,158,OYO 82283 Hotel Royal City,₹625₹192067% offper room per nightView DetailsBook Now,3.9 (171 Ratings)·Good, Reception  Ticket Tour Assistance  Caretaker  + 26 more,", Delhi",625.0,1920.0,67.0,Delhi,", ",3.9,1 Ratings,Good,OYO,no,82283 Hotel Royal City,no,no,no,no,no,no,no
159,159,OYO Flagship 71404 Rose Stay,₹949₹256763% offper room per nightView DetailsBook Now,4.2 (912 Ratings)·Very Good, Reception  Daily Housekeeping  AC  + 5 more,"Delhi India, Delhi",949.0,2567.0,63.0,Delhi," India, ",4.2,2 Ratings,Very,OYO,no,Flagship 71404 Rose Stay,no,no,no,no,no,no,no
160,160,OYO 78876 The Premium Villa,₹821₹201659% offper room per nightView DetailsBook Now,4.2 (1445 Ratings)·Very Good, Free Wifi  AC  Refrigerator  + 3 more,Near lajpat nagar metro station,821.0,2016.0,59.0,Delhi,Near lajpat nagar metro station,4.2,5 Ratings,Very,OYO,yes,78876 The Premium Villa,yes,yes,yes,yes,yes,yes,yes
161,161,OYO HOME 85012 Dreamhouse,₹517₹165668% offper room per nightView DetailsBook Now,NEW, Free Wifi  Geyser  CCTV Cameras  + 4 more,"Delhi, Delhi",517.0,1656.0,68.0,Delhi,", ",,,,OYO,yes,HOME 85012 Dreamhouse,yes,yes,yes,yes,yes,yes,yes
162,162,OYO 67019 Hotel Manali,₹973₹236158% offper room per nightView DetailsBook Now,2.7 (285 Ratings)·Fair, Reception  Free Wifi  Power backup  + 9 more,"Dwarka, Delhi",973.0,2361.0,58.0,Delhi,"Dwarka, ",2.7,5 Ratings,Fair,OYO,yes,67019 Hotel Manali,yes,yes,yes,yes,yes,yes,yes
163,163,SPOT ON 77866 Mahalakshmi Inn,₹799₹196259% offper room per nightView DetailsBook Now,3.2 (178 Ratings)·Fair, Reception  Security  Attached Washroom  + 10 more,Near Ashram metro gate no 2,799.0,1962.0,59.0,Delhi,Near Ashram metro gate no 2,3.2,8 Ratings,Fair,SPOT ON,no,ON 77866 Mahalakshmi Inn,no,no,no,no,no,no,no
164,164,OYO 77353 Tom & Jerry,₹550₹299981% offper room per nightView DetailsBook Now,3.9 (750 Ratings)·Good, Reception  Free Wifi  Security  + 12 more,"India, Delhi",550.0,2999.0,81.0,Delhi,"India, ",3.9,0 Ratings,Good,OYO,yes,77353 Tom & Jerry,yes,yes,yes,yes,yes,yes,yes
165,165,OYO Flagship 85851 Bharat Stay ,₹619₹215471% offper room per nightView DetailsBook Now,4.1 (90 Ratings)·Very Good, Parking Facility  Reception  Free Wifi  + 20 more,"New Delhi, Delhi",619.0,2154.0,71.0,Delhi,"New , ",4.1,0 Ratings,Very,OYO,yes,Flagship 85851 Bharat Stay,yes,yes,yes,yes,yes,yes,yes
166,166,OYO 13027 Shri Hari Kunj,₹712₹226668% offper room per nightView DetailsBook Now,2.8 (633 Ratings)·Fair, Parking Facility  Free Wifi  Power backup  + 15 more,"oppsite Kamala Karan Gas agency, Delhi",712.0,2266.0,68.0,Delhi,"oppsite Kamala Karan Gas agency, ",2.8,3 Ratings,Fair,OYO,yes,13027 Shri Hari Kunj,yes,yes,yes,yes,yes,yes,yes
167,167,OYO 79394 Grand Palace 2,₹541₹208073% offper room per nightView DetailsBook Now,3.5 (3 Ratings)·Good, Parking Facility  Reception  Caretaker  + 7 more,"India, Delhi",541.0,2080.0,73.0,Delhi,"India, ",3.5,3 Ratings,Good,OYO,no,79394 Grand Palace 2,no,no,no,no,no,no,no
168,168,OYO Flagship 69247 Best Bikaner Smart,₹646₹195867% offper room per nightView DetailsBook Now,3.2 (56 Ratings)·Fair, Hair Dryer  Parking Facility  Reception  + 14 more,"Near Radha Swami Ashram, Narela, Delhi",646.0,1958.0,67.0,Delhi,"Near Radha Swami Ashram, Narela, ",3.2,6 Ratings,Fair,OYO,no,Flagship 69247 Best Bikaner Smart,no,no,no,no,no,no,no
169,169,OYO 75380 Hotel Shimla,₹751₹246469% offper room per nightView DetailsBook Now,2.3 (197 Ratings)·Fair, Reception  CCTV Cameras  Power backup  + 6 more,"Near Dwarka mor metro station, Sector 15 Dwarka, Delhi",751.0,2464.0,69.0,Delhi,"Near Dwarka mor metro station, Sector 15 Dwarka, ",2.3,7 Ratings,Fair,OYO,no,75380 Hotel Shimla,no,no,no,no,no,no,no
170,170,OYO Flagship 86155 Hotel Shyam ,₹628₹195867% offper room per nightView DetailsBook Now,4.0 (9 Ratings)·Very Good, Caretaker  Security  Shuttle Service  + 10 more,"India, Delhi",628.0,1958.0,67.0,Delhi,"India, ",4.0,9 Ratings,Very,OYO,no,Flagship 86155 Hotel Shyam,no,no,no,no,no,no,no
171,171,OYO Flagship 76704  The Mayur Hotel,₹518₹226177% offper room per nightView DetailsBook Now,3.6 (2121 Ratings)·Good, Reception  Free Wifi  Power backup  + 8 more,"Tri Nagar, Delhi",518.0,2261.0,77.0,Delhi,"Tri Nagar, ",3.6,1 Ratings,Good,OYO,yes,Flagship 76704 The Mayur Hotel,yes,yes,yes,yes,yes,yes,yes
172,172,OYO 78109 Premium Villa,₹699₹335279% offper room per nightView DetailsBook Now,3.8 (658 Ratings)·Good, CCTV Cameras  AC  TV  + 4 more,"Near By Chattrapur Metro Station, Delhi",699.0,3352.0,79.0,Delhi,"Near By Chattrapur Metro Station, ",3.8,8 Ratings,Good,OYO,no,78109 Premium Villa,no,no,no,no,no,no,no
173,173,OYO 10562 Paharganj,₹891₹212858% offper room per nightView DetailsBook Now,2.8 (33 Ratings)·Fair, Elevator  Free Wifi  Geyser  + 9 more,"Near New Delhi Railway Station, Delhi",891.0,2128.0,58.0,Delhi,"Near New  Railway Station, ",2.8,3 Ratings,Fair,OYO,yes,10562 Paharganj,yes,yes,yes,yes,yes,yes,yes
174,174,OYO 76738 Hotel Z Black,₹916₹176948% offper room per nightView DetailsBook Now,2.9 (39 Ratings)·Fair, Reception  Caretaker  CCTV Cameras  + 7 more,"KH-457/1, Near Shalimar Palace, Burari, Delhi-110084",916.0,1769.0,48.0,Delhi,"KH-457/1, Near Shalimar Palace, Burari, -110084",2.9,9 Ratings,Fair,OYO,no,76738 Hotel Z Black,no,no,no,no,no,no,no
175,175,OYO 27979 Krishna Residency,₹899₹288268% offper room per nightView DetailsBook Now,4.0 (883 Ratings)·Very Good, Private Entrance  Reception  Power backup  + 32 more,"Near Iskcon Temple, kailash , Delhi",899.0,2882.0,68.0,Delhi,"Near Iskcon Temple, kailash , ",4.0,3 Ratings,Very,OYO,no,27979 Krishna Residency,no,no,no,no,no,no,no
176,176,OYO 85494 Osho Palace,₹625₹222971% offper room per nightView DetailsBook Now,2.8 (79 Ratings)·Fair, Free Wifi  Geyser  CCTV Cameras  + 4 more,"12,nagali rajapur, behind Lal Hotel, opposite hazarat Nizamuddin Metro Station gate no 2",625.0,2229.0,71.0,Delhi,"12,nagali rajapur, behind Lal Hotel, opposite hazarat Nizamuddin Metro Station gate no 2",2.8,9 Ratings,Fair,OYO,yes,85494 Osho Palace,yes,yes,yes,yes,yes,yes,yes
177,177,Collection O 9266 Hotel Kapoor Inn,₹1684₹320747% offper room per nightView DetailsBook Now,3.3 (182 Ratings)·Fair, Reception  Ticket Tour Assistance  Free Wifi  + 18 more,"Near Kailash Colony Metro Station, Delhi",1684.0,1684.0,47.0,Delhi,"Near Kailash Colony Metro Station, ",3.3,2 Ratings,Fair,Collection O,yes,O 9266 Hotel Kapoor Inn,yes,yes,yes,yes,yes,yes,yes
178,178,OYO 22354 PG Hospitality Inn,₹747₹225366% offper room per nightView DetailsBook Now,3.9 (44 Ratings)·Good, Power backup  TV  Card Payment  + 4 more,"Near New Delhi Railway Station, Delhi",747.0,2253.0,66.0,Delhi,"Near New  Railway Station, ",3.9,4 Ratings,Good,OYO,no,22354 PG Hospitality Inn,no,no,no,no,no,no,no
179,179,Collection O 85116 peaceful stay,₹1014₹193147% offper room per nightView DetailsBook Now,4.0 (128 Ratings)·Very Good, AC  TV  Window  + 2 more,Near Rajouri Garden Metro Station,1014.0,1014.0,47.0,Delhi,Near Rajouri Garden Metro Station,4.0,8 Ratings,Very,Collection O,no,O 85116 peaceful stay,no,no,no,no,no,no,no
